soil_type,sunlight_hours,water_frequency,temperature,humidity,n,p,k,ph,rainfall,rec_crop,soil_moisture,irrigation_type,pesticide_usage_ml,total_days,yield_kg_per_hectare,ndvi_index,fuzzy_fert,rain_req,water use (m続/kg),irrigation type,water-saving practices,water pollution (grey water) (m続/kg),post-harvest processing (liters/kg),fertilizer use (kg/ha),green water use (m続/kg),blue water use (m続/kg),crop cycle duration (days),harvest season,co2 emission (kg/ha),irrigation efficiency (%)
loam,5.192294089205035,bi-weekly,31.71960241024412,61.59186060848997,33.38461538461539,63.8974358974359,19.15384615384616,6.98608724648718,68.40767970589744,blackgram,19.74,Sprinkler,9.6,112,5389.98,0.58,18:46:00 NPK,210.0,13543.0,,Crop Cover,659.0,178.0,64.0,4078.0,12208.0,170.0,Autumn,2.57969358,61.0
sandy,4.033132702741614,weekly,28.91948412187396,52.42227609891599,33.2948717948718,37.11538461538461,25.807692307692307,6.39175522823077,95.50699679897436,mango,36.54,Sprinkler,36.13,127,3476.08,0.5,MOP,557.0,745.0,Sprinkler,Mulching,608.0,34.0,204.0,1508.0,12785.0,147.0,Autumn,5.718723473,58.0
sandy,4.033132702741614,weekly,28.91948412187396,52.42227609891599,33.2948717948718,37.11538461538461,25.807692307692307,6.39175522823077,95.50699679897436,mango,36.54,Sprinkler,36.13,127,3476.08,0.5,MOP,1009.0,5594.0,,Efficient Irrigation,627.0,104.0,81.0,3861.0,7022.0,252.0,Autumn,6.177365904,51.0
sandy,4.033132702741614,weekly,28.91948412187396,52.42227609891599,33.2948717948718,37.11538461538461,25.807692307692307,6.39175522823077,95.50699679897436,mango,36.54,Sprinkler,36.13,127,3476.08,0.5,MOP,874.0,17928.0,Flood,,254.0,157.0,240.0,3784.0,4850.0,119.0,Spring,9.238923654,86.0
loam,8.892768570729004,bi-weekly,23.1790588882854,44.66053858490323,18.714285714285715,59.71428571428572,20.142857142857142,6.608665457,127.91296025714288,pigeonpeas,13.39,Drip,23.12,145,2437.08,0.55,19:19:19 NPK,210.0,13543.0,,Crop Cover,659.0,178.0,64.0,4078.0,12208.0,170.0,Autumn,2.57969358,61.0
loam,8.241144063085702,bi-weekly,18.46588640141692,46.4332272684958,19.4,64.4,20.4,5.5087952622000005,155.47563708,pigeonpeas,35.95,,6.34,122,4408.07,0.63,Urea,212.0,1129.0,Sprinkler,Mulching,686.0,19.0,231.0,4595.0,14404.0,213.0,Summer,7.776816289,58.0
sandy,8.374043008245923,bi-weekly,18.12874085342172,63.62592280385192,48.16666666666666,57.06666666666667,20.0,6.373620108233333,76.84050495199999,maize,18.8,Sprinkler,14.74,136,4358.35,0.8,Urea,1424.0,9449.0,Flood,,551.0,191.0,106.0,381.0,2005.0,201.0,Summer,5.656022891,61.0
sandy,8.374043008245923,bi-weekly,18.12874085342172,63.62592280385192,48.16666666666666,57.06666666666667,20.0,6.373620108233333,76.84050495199999,maize,18.8,Sprinkler,14.74,136,4358.35,0.8,Urea,1635.0,10758.0,Drip,,996.0,115.0,56.0,2363.0,2089.0,299.0,Spring,7.588012708,79.0
sandy,8.374043008245923,bi-weekly,18.12874085342172,63.62592280385192,48.16666666666666,57.06666666666667,20.0,6.373620108233333,76.84050495199999,maize,18.8,Sprinkler,14.74,136,4358.35,0.8,Urea,708.0,10417.0,Drip,,173.0,118.0,77.0,3230.0,3178.0,187.0,Winter,3.094949042,77.0
sandy,8.627622080115675,bi-weekly,20.004857963291904,67.618726471884,45.93333333333333,60.266666666666666,19.33333333333333,6.536281297844444,67.40369649622224,lentil,42.43,,13.55,127,4942.95,0.65,MOP,210.0,13543.0,,Crop Cover,659.0,178.0,64.0,4078.0,12208.0,170.0,Autumn,2.57969358,61.0
loam,4.444267910404542,daily,25.984533294122407,69.57895218629243,64.03296703296704,51.604395604395606,24.75824175824176,6.658656311208792,104.78783870890108,maize,18.52,Sprinkler,19.79,147,4383.93,0.38,MOP,1424.0,9449.0,Flood,,551.0,191.0,106.0,381.0,2005.0,201.0,Summer,5.656022891,61.0
loam,4.444267910404542,daily,25.984533294122407,69.57895218629243,64.03296703296704,51.604395604395606,24.75824175824176,6.658656311208792,104.78783870890108,maize,18.52,Sprinkler,19.79,147,4383.93,0.38,MOP,1635.0,10758.0,Drip,,996.0,115.0,56.0,2363.0,2089.0,299.0,Spring,7.588012708,79.0
loam,4.444267910404542,daily,25.984533294122407,69.57895218629243,64.03296703296704,51.604395604395606,24.75824175824176,6.658656311208792,104.78783870890108,maize,18.52,Sprinkler,19.79,147,4383.93,0.38,MOP,708.0,10417.0,Drip,,173.0,118.0,77.0,3230.0,3178.0,187.0,Winter,3.094949042,77.0
clay,6.150794371265635,daily,29.291918454001248,69.48090713972769,34.40909090909091,64.18181818181819,19.5,6.825624407045454,76.99802812363637,blackgram,19.74,Sprinkler,9.6,112,5389.98,0.58,18:46:00 NPK,210.0,13543.0,,Crop Cover,659.0,178.0,64.0,4078.0,12208.0,170.0,Autumn,2.57969358,61.0
loam,4.695214357150778,bi-weekly,28.203947534354626,34.56030515243452,20.75,64.75,20.0,5.3273491455,133.3045243175,pigeonpeas,12.8,Sprinkler,31.75,116,4629.49,0.42,Urea,210.0,13543.0,,Crop Cover,659.0,178.0,64.0,4078.0,12208.0,170.0,Autumn,2.57969358,61.0
loam,9.17862055525356,weekly,20.598677938918858,54.72101523512907,53.9375,56.25,20.0625,6.0845753145625,118.469925114375,maize,42.43,,13.55,127,4942.95,0.65,Urea,1424.0,9449.0,Flood,,551.0,191.0,106.0,381.0,2005.0,201.0,Summer,5.656022891,61.0
loam,9.17862055525356,weekly,20.598677938918858,54.72101523512907,53.9375,56.25,20.0625,6.0845753145625,118.469925114375,maize,42.43,,13.55,127,4942.95,0.65,Urea,1635.0,10758.0,Drip,,996.0,115.0,56.0,2363.0,2089.0,299.0,Spring,7.588012708,79.0
loam,9.17862055525356,weekly,20.598677938918858,54.72101523512907,53.9375,56.25,20.0625,6.0845753145625,118.469925114375,maize,42.43,,13.55,127,4942.95,0.65,Urea,708.0,10417.0,Drip,,173.0,118.0,77.0,3230.0,3178.0,187.0,Winter,3.094949042,77.0
loam,7.7397887609653475,daily,34.097305613263885,32.877938000832216,28.0,62.6,18.4,5.4247844268,131.38592608,pigeonpeas,19.37,,25.65,105,4979.96,0.84,19:19:19 NPK,210.0,13543.0,,Crop Cover,659.0,178.0,64.0,4078.0,12208.0,170.0,Autumn,2.57969358,61.0
loam,5.985388149115895,bi-weekly,29.75793833391537,57.47644411618678,26.25,52.63333333333333,21.516666666666666,6.935541554916666,69.61179273983335,mothbeans,19.74,Sprinkler,9.6,112,5389.98,0.58,Urea,210.0,13543.0,,Crop Cover,659.0,178.0,64.0,4078.0,12208.0,170.0,Autumn,2.57969358,61.0
sandy,4.381350101716142,daily,26.08708105022801,52.07652506866885,59.27848101265823,35.89873417721519,26.58227848101265,6.498084264443039,108.39934128734176,coffee,44.91,Sprinkler,24.0,114,4383.55,0.82,DAP,210.0,13543.0,,Crop Cover,659.0,178.0,64.0,4078.0,12208.0,170.0,Autumn,2.57969358,61.0
loam,5.865893930293973,daily,27.234414924687044,74.38520913791498,89.68,63.88,40.25333333333333,6.393992037706666,122.96504037213334,banana,13.92,Sprinkler,10.74,147,5732.35,0.45,10:26:26 NPK,210.0,13543.0,,Crop Cover,659.0,178.0,64.0,4078.0,12208.0,170.0,Autumn,2.57969358,61.0
clay,5.951099932160482,weekly,23.3920012485558,47.54575062760394,55.294117647058826,47.52941176470589,24.764705882352946,6.652434442470589,131.90058292470587,coffee,27.1,Sprinkler,47.61,121,5264.09,0.7,Urea,210.0,13543.0,,Crop Cover,659.0,178.0,64.0,4078.0,12208.0,170.0,Autumn,2.57969358,61.0
sandy,8.377637070028385,bi-weekly,19.95461979002315,35.853350821380296,13.555555555555555,68.55555555555556,19.55555555555556,5.254781340111112,150.0319980711111,pigeonpeas,18.8,Sprinkler,14.74,136,4358.35,0.8,Urea,212.0,1129.0,Sprinkler,Mulching,686.0,19.0,231.0,4595.0,14404.0,213.0,Summer,7.776816289,58.0
clay,7.8253448281312785,bi-weekly,22.11945357302524,37.1495841026418,18.666666666666668,63.0,21.33333333333333,5.557466791666666,160.06777553333333,pigeonpeas,13.39,Drip,23.12,145,2437.08,0.55,Magnesium Sulphate,212.0,10520.0,Flood,Mulching,175.0,132.0,274.0,1184.0,6493.0,315.0,Autumn,8.571501983,61.0
clay,9.32327645545796,weekly,30.15692220928738,68.07553158587362,32.8,67.42,18.58,7.02854821324,72.25323147099999,blackgram,22.38,Manual,9.66,99,4626.95,0.63,18:46:00 NPK,210.0,13543.0,,Crop Cover,659.0,178.0,64.0,4078.0,12208.0,170.0,Autumn,2.57969358,61.0
clay,4.71756547562981,bi-weekly,17.321452810138325,35.05613380613951,10.8,70.8,19.6,5.4683939642,131.777821668,pigeonpeas,40.54,Manual,49.78,118,5598.46,0.5,MOP,212.0,1129.0,Sprinkler,Mulching,686.0,19.0,231.0,4595.0,14404.0,213.0,Summer,7.776816289,58.0
clay,7.367663185416977,daily,32.10921168022014,33.638150318209675,20.9,65.3,19.6,5.809418920000001,157.55290930999996,pigeonpeas,19.37,,25.65,105,4979.96,0.84,MOP,210.0,13543.0,,Crop Cover,659.0,178.0,64.0,4078.0,12208.0,170.0,Autumn,2.57969358,61.0
clay,8.625803079727365,daily,29.073157187600472,71.09300296451781,42.20512820512821,65.84615384615384,22.128205128205128,6.788574551589743,80.98161831538462,blackgram,29.32,Drip,15.26,144,2931.16,0.8,18:46:00 NPK,210.0,13543.0,,Crop Cover,659.0,178.0,64.0,4078.0,12208.0,170.0,Autumn,2.57969358,61.0
sandy,6.9627735781863445,weekly,24.483476581746505,65.31211135782482,58.44545454545455,50.654545454545456,22.48181818181818,6.804305866090909,89.55183125290908,lentil,33.39,Manual,17.58,146,3105.07,0.44,Urea,210.0,13543.0,,Crop Cover,659.0,178.0,64.0,4078.0,12208.0,170.0,Autumn,2.57969358,61.0
sandy,7.136396976291964,daily,16.95668321302003,34.06743903209499,12.25,71.5,19.5,5.30507577775,125.879636485,pigeonpeas,35.95,,6.34,122,4408.07,0.63,Urea,212.0,1129.0,Sprinkler,Mulching,686.0,19.0,231.0,4595.0,14404.0,213.0,Summer,7.776816289,58.0
sandy,6.565246110151298,weekly,24.832317502336647,34.241885704259595,29.0,72.0,24.0,6.962386495,162.5931264,pigeonpeas,33.39,Manual,17.58,146,3105.07,0.44,MOP,210.0,13543.0,,Crop Cover,659.0,178.0,64.0,4078.0,12208.0,170.0,Autumn,2.57969358,61.0
loam,4.152514760464571,daily,24.469435415611315,79.33197892505876,94.43307086614172,50.1259842519685,42.68503937007874,6.59556694085433,129.23471984326773,cotton,13.99,Manual,49.73,138,3664.7,0.85,DAP,260.0,11583.0,Flood,Efficient Irrigation,249.0,51.0,206.0,3331.0,3120.0,186.0,Spring,4.394908346,71.0
loam,4.152514760464571,daily,24.469435415611315,79.33197892505876,94.43307086614172,50.1259842519685,42.68503937007874,6.59556694085433,129.23471984326773,cotton,13.99,Manual,49.73,138,3664.7,0.85,DAP,324.0,9762.0,Drip,Mulching,811.0,61.0,243.0,3643.0,3728.0,231.0,Spring,4.788243042,57.0
loam,4.152514760464571,daily,24.469435415611315,79.33197892505876,94.43307086614172,50.1259842519685,42.68503937007874,6.59556694085433,129.23471984326773,cotton,13.99,Manual,49.73,138,3664.7,0.85,DAP,464.0,17339.0,Sprinkler,Crop Cover,745.0,126.0,75.0,3938.0,8104.0,208.0,Winter,9.634635565,87.0
loam,4.152514760464571,daily,24.469435415611315,79.33197892505876,94.43307086614172,50.1259842519685,42.68503937007874,6.59556694085433,129.23471984326773,cotton,13.99,Manual,49.73,138,3664.7,0.85,DAP,1881.0,1655.0,,Mulching,921.0,137.0,170.0,4606.0,5783.0,88.0,Winter,1.519218404,71.0
loam,4.152514760464571,daily,24.469435415611315,79.33197892505876,94.43307086614172,50.1259842519685,42.68503937007874,6.59556694085433,129.23471984326773,cotton,13.99,Manual,49.73,138,3664.7,0.85,DAP,1318.0,3569.0,Flood,Efficient Irrigation,268.0,121.0,67.0,4826.0,3884.0,201.0,Spring,2.433324513,64.0
loam,4.152514760464571,daily,24.469435415611315,79.33197892505876,94.43307086614172,50.1259842519685,42.68503937007874,6.59556694085433,129.23471984326773,cotton,13.99,Manual,49.73,138,3664.7,0.85,DAP,1257.0,2843.0,Drip,Efficient Irrigation,121.0,21.0,268.0,4971.0,11465.0,128.0,Summer,8.721590876,55.0
loam,4.152514760464571,daily,24.469435415611315,79.33197892505876,94.43307086614172,50.1259842519685,42.68503937007874,6.59556694085433,129.23471984326773,cotton,13.99,Manual,49.73,138,3664.7,0.85,DAP,1241.0,4023.0,Drip,Mulching,789.0,198.0,276.0,321.0,5091.0,333.0,Summer,5.025729125,51.0
loam,4.152514760464571,daily,24.469435415611315,79.33197892505876,94.43307086614172,50.1259842519685,42.68503937007874,6.59556694085433,129.23471984326773,cotton,13.99,Manual,49.73,138,3664.7,0.85,DAP,867.0,14246.0,Sprinkler,Crop Cover,607.0,28.0,193.0,4905.0,8523.0,212.0,Spring,1.998639001,91.0
loam,4.152514760464571,daily,24.469435415611315,79.33197892505876,94.43307086614172,50.1259842519685,42.68503937007874,6.59556694085433,129.23471984326773,cotton,13.99,Manual,49.73,138,3664.7,0.85,DAP,1074.0,15119.0,Drip,,841.0,26.0,259.0,3152.0,8211.0,315.0,Autumn,2.840150087,64.0
loam,4.152514760464571,daily,24.469435415611315,79.33197892505876,94.43307086614172,50.1259842519685,42.68503937007874,6.59556694085433,129.23471984326773,cotton,13.99,Manual,49.73,138,3664.7,0.85,DAP,494.0,1633.0,Sprinkler,Efficient Irrigation,950.0,117.0,245.0,1602.0,8671.0,177.0,Autumn,1.712774133,93.0
loam,4.647348561959827,daily,18.464037398200304,48.71353978780601,19.4,64.4,20.4,5.5087952622000005,155.47563708,pigeonpeas,40.54,Manual,49.78,118,5598.46,0.5,DAP,212.0,1129.0,Sprinkler,Mulching,686.0,19.0,231.0,4595.0,14404.0,213.0,Summer,7.776816289,58.0
loam,4.188575114120406,bi-weekly,23.67703298475946,48.53210735334454,56.04166666666666,45.41666666666666,24.791666666666668,6.736102630708333,123.57312088124998,coffee,44.91,Sprinkler,24.0,114,4383.55,0.82,DAP,210.0,13543.0,,Crop Cover,659.0,178.0,64.0,4078.0,12208.0,170.0,Autumn,2.57969358,61.0
clay,7.818462467582682,bi-weekly,22.97009468794747,70.63997836287513,76.48333333333333,47.93333333333333,26.816666666666663,6.6688577121,116.72456315816666,maize,39.75,Manual,20.2,126,5409.69,0.33,Urea,1424.0,9449.0,Flood,,551.0,191.0,106.0,381.0,2005.0,201.0,Summer,5.656022891,61.0
clay,7.818462467582682,bi-weekly,22.97009468794747,70.63997836287513,76.48333333333333,47.93333333333333,26.816666666666663,6.6688577121,116.72456315816666,maize,39.75,Manual,20.2,126,5409.69,0.33,Urea,1635.0,10758.0,Drip,,996.0,115.0,56.0,2363.0,2089.0,299.0,Spring,7.588012708,79.0
clay,7.818462467582682,bi-weekly,22.97009468794747,70.63997836287513,76.48333333333333,47.93333333333333,26.816666666666663,6.6688577121,116.72456315816666,maize,39.75,Manual,20.2,126,5409.69,0.33,Urea,708.0,10417.0,Drip,,173.0,118.0,77.0,3230.0,3178.0,187.0,Winter,3.094949042,77.0
loam,5.88613588645796,daily,27.31700196104433,77.36242886919294,84.96774193548387,60.57419354838709,44.980645161290326,6.382805150148387,116.34304390554836,banana,20.69,Sprinkler,34.72,101,4207.97,0.66,19:19:19 NPK,210.0,13543.0,,Crop Cover,659.0,178.0,64.0,4078.0,12208.0,170.0,Autumn,2.57969358,61.0
clay,7.051424146988216,daily,27.70187301735288,79.30005319114355,76.55191256830601,64.5846994535519,51.967213114754095,6.3054396189836055,107.5003587027869,banana,15.52,Drip,41.77,96,5755.72,0.75,13:32:26 NPK,210.0,13543.0,,Crop Cover,659.0,178.0,64.0,4078.0,12208.0,170.0,Autumn,2.57969358,61.0
loam,5.495753374893249,bi-weekly,22.492252292529425,48.81297927654579,67.78571428571429,44.142857142857146,26.642857142857142,6.646946645500002,152.36137321071428,coffee,27.1,Sprinkler,47.61,121,5264.09,0.7,50:26:26 NPK,212.0,10520.0,Flood,Mulching,175.0,132.0,274.0,1184.0,6493.0,315.0,Autumn,8.571501983,61.0
clay,6.462297538213779,bi-weekly,27.517198314284727,34.17503583493344,24.666666666666668,64.33333333333333,19.666666666666668,5.196502235333333,125.37742469,pigeonpeas,16.28,Sprinkler,44.08,145,2049.06,0.41,SSP,210.0,13543.0,,Crop Cover,659.0,178.0,64.0,4078.0,12208.0,170.0,Autumn,2.57969358,61.0
loam,8.533306831258292,weekly,25.062725171601755,68.85734579637185,66.72727272727273,49.71717171717172,25.51515151515152,6.728300558707071,108.26194068282828,maize,17.33,Sprinkler,24.52,117,5861.31,0.74,Urea,1424.0,9449.0,Flood,,551.0,191.0,106.0,381.0,2005.0,201.0,Summer,5.656022891,61.0
loam,8.533306831258292,weekly,25.062725171601755,68.85734579637185,66.72727272727273,49.71717171717172,25.51515151515152,6.728300558707071,108.26194068282828,maize,17.33,Sprinkler,24.52,117,5861.31,0.74,Urea,1635.0,10758.0,Drip,,996.0,115.0,56.0,2363.0,2089.0,299.0,Spring,7.588012708,79.0
loam,8.533306831258292,weekly,25.062725171601755,68.85734579637185,66.72727272727273,49.71717171717172,25.51515151515152,6.728300558707071,108.26194068282828,maize,17.33,Sprinkler,24.52,117,5861.31,0.74,Urea,708.0,10417.0,Drip,,173.0,118.0,77.0,3230.0,3178.0,187.0,Winter,3.094949042,77.0
loam,5.372788992949735,daily,32.12979682376644,57.92021248679025,28.866666666666667,50.56666666666667,22.633333333333333,6.313363179666668,77.053919795,mothbeans,19.74,Sprinkler,9.6,112,5389.98,0.58,Urea,210.0,13543.0,,Crop Cover,659.0,178.0,64.0,4078.0,12208.0,170.0,Autumn,2.57969358,61.0
sandy,4.461879458972758,bi-weekly,28.173872632378902,51.21110046234881,38.775,35.9625,26.6125,6.250227857900001,99.85299630625,mango,12.8,Sprinkler,31.75,116,4629.49,0.42,MOP,557.0,745.0,Sprinkler,Mulching,608.0,34.0,204.0,1508.0,12785.0,147.0,Autumn,5.718723473,58.0
sandy,4.461879458972758,bi-weekly,28.173872632378902,51.21110046234881,38.775,35.9625,26.6125,6.250227857900001,99.85299630625,mango,12.8,Sprinkler,31.75,116,4629.49,0.42,MOP,1009.0,5594.0,,Efficient Irrigation,627.0,104.0,81.0,3861.0,7022.0,252.0,Autumn,6.177365904,51.0
sandy,4.461879458972758,bi-weekly,28.173872632378902,51.21110046234881,38.775,35.9625,26.6125,6.250227857900001,99.85299630625,mango,12.8,Sprinkler,31.75,116,4629.49,0.42,MOP,874.0,17928.0,Flood,,254.0,157.0,240.0,3784.0,4850.0,119.0,Spring,9.238923654,86.0
loam,5.738508717482608,daily,18.2586885416286,75.3177192547368,80.5,67.33333333333333,49.833333333333336,6.005155437333333,81.21191399,maize,39.76,,21.68,111,2050.61,0.88,Urea,1424.0,9449.0,Flood,,551.0,191.0,106.0,381.0,2005.0,201.0,Summer,5.656022891,61.0
loam,5.738508717482608,daily,18.2586885416286,75.3177192547368,80.5,67.33333333333333,49.833333333333336,6.005155437333333,81.21191399,maize,39.76,,21.68,111,2050.61,0.88,Urea,1635.0,10758.0,Drip,,996.0,115.0,56.0,2363.0,2089.0,299.0,Spring,7.588012708,79.0
loam,5.738508717482608,daily,18.2586885416286,75.3177192547368,80.5,67.33333333333333,49.833333333333336,6.005155437333333,81.21191399,maize,39.76,,21.68,111,2050.61,0.88,Urea,708.0,10417.0,Drip,,173.0,118.0,77.0,3230.0,3178.0,187.0,Winter,3.094949042,77.0
sandy,4.9673277235240265,weekly,16.411374948008596,35.559874115307565,11.0,71.0,19.666666666666668,5.512074620666667,113.41459954666664,pigeonpeas,41.87,Manual,33.05,95,5407.06,0.49,DAP,212.0,1129.0,Sprinkler,Mulching,686.0,19.0,231.0,4595.0,14404.0,213.0,Summer,7.776816289,58.0
loam,9.57818591405544,weekly,27.84838556412631,54.63125521454296,54.72602739726028,37.93150684931507,26.68493150684932,6.616779869739727,109.83764842835616,coffee,40.94,Sprinkler,6.12,140,5723.26,0.36,Sulphur,210.0,13543.0,,Crop Cover,659.0,178.0,64.0,4078.0,12208.0,170.0,Autumn,2.57969358,61.0
sandy,7.800422539062541,weekly,26.715511625469265,53.43303209970631,58.373493975903614,37.71084337349398,26.120481927710845,6.587213405108435,112.9681297961446,coffee,29.32,Drip,15.26,144,2931.16,0.8,19:19:19 NPK,210.0,13543.0,,Crop Cover,659.0,178.0,64.0,4078.0,12208.0,170.0,Autumn,2.57969358,61.0
sandy,9.228763541126304,daily,33.80460482849915,32.815163784091865,26.0,61.5,16.75,5.176464870499999,130.220988775,pigeonpeas,43.11,Manual,43.41,137,4938.54,0.59,Urea,210.0,13543.0,,Crop Cover,659.0,178.0,64.0,4078.0,12208.0,170.0,Autumn,2.57969358,61.0
loam,8.822032461394688,bi-weekly,26.50948355751758,35.9408958134036,18.4,62.4,20.6,5.167663662400001,96.70894525,pigeonpeas,36.84,Manual,31.04,133,5632.1,0.35,Urea,210.0,13543.0,,Crop Cover,659.0,178.0,64.0,4078.0,12208.0,170.0,Autumn,2.57969358,61.0
clay,5.119420353316215,daily,22.76339852413044,35.87631233885524,23.5,65.0,20.0,5.9625239585,171.4876802,pigeonpeas,27.1,Sprinkler,47.61,121,5264.09,0.7,19:19:19 NPK,212.0,10520.0,Flood,Mulching,175.0,132.0,274.0,1184.0,6493.0,315.0,Autumn,8.571501983,61.0
sandy,9.355353990939866,daily,27.865764368847064,62.460515105803175,42.85148514851485,56.46534653465346,21.594059405940595,6.86253421868317,80.90781625782178,blackgram,40.94,Sprinkler,6.12,140,5723.26,0.36,18:46:00 NPK,210.0,13543.0,,Crop Cover,659.0,178.0,64.0,4078.0,12208.0,170.0,Autumn,2.57969358,61.0
clay,7.236053451493904,weekly,24.165057809830333,67.30224396327117,62.86516853932584,49.831460674157306,23.853932584269664,6.721918676426967,98.50626349865168,maize,39.75,Manual,20.2,126,5409.69,0.33,Urea,1424.0,9449.0,Flood,,551.0,191.0,106.0,381.0,2005.0,201.0,Summer,5.656022891,61.0
clay,7.236053451493904,weekly,24.165057809830333,67.30224396327117,62.86516853932584,49.831460674157306,23.853932584269664,6.721918676426967,98.50626349865168,maize,39.75,Manual,20.2,126,5409.69,0.33,Urea,1635.0,10758.0,Drip,,996.0,115.0,56.0,2363.0,2089.0,299.0,Spring,7.588012708,79.0
clay,7.236053451493904,weekly,24.165057809830333,67.30224396327117,62.86516853932584,49.831460674157306,23.853932584269664,6.721918676426967,98.50626349865168,maize,39.75,Manual,20.2,126,5409.69,0.33,Urea,708.0,10417.0,Drip,,173.0,118.0,77.0,3230.0,3178.0,187.0,Winter,3.094949042,77.0
clay,8.844640930984376,weekly,25.9123357863187,59.16843825485798,58.3302752293578,47.25688073394495,24.24770642201835,6.928926281110092,96.7293512506422,coffee,29.32,Drip,15.26,144,2931.16,0.8,Urea,210.0,13543.0,,Crop Cover,659.0,178.0,64.0,4078.0,12208.0,170.0,Autumn,2.57969358,61.0
clay,9.376547799540958,weekly,33.8292961755305,78.10862742372709,27.75,129.25,202.75,5.7740589735,70.15901118250001,grapes,43.11,Manual,43.41,137,4938.54,0.59,Ferrous Sulphate,1354.0,1540.0,,Crop Cover,437.0,34.0,266.0,2994.0,5625.0,305.0,Winter,3.081512556,84.0
clay,9.376547799540958,weekly,33.8292961755305,78.10862742372709,27.75,129.25,202.75,5.7740589735,70.15901118250001,grapes,43.11,Manual,43.41,137,4938.54,0.59,Ferrous Sulphate,1603.0,3267.0,Sprinkler,,358.0,157.0,116.0,3962.0,5508.0,335.0,Winter,8.040287512,50.0
clay,9.376547799540958,weekly,33.8292961755305,78.10862742372709,27.75,129.25,202.75,5.7740589735,70.15901118250001,grapes,43.11,Manual,43.41,137,4938.54,0.59,Ferrous Sulphate,1866.0,11574.0,Flood,Mulching,680.0,40.0,274.0,4637.0,13286.0,106.0,Winter,7.994252648,65.0
clay,9.376547799540958,weekly,33.8292961755305,78.10862742372709,27.75,129.25,202.75,5.7740589735,70.15901118250001,grapes,43.11,Manual,43.41,137,4938.54,0.59,Ferrous Sulphate,1628.0,15792.0,Flood,Mulching,506.0,32.0,200.0,3064.0,8229.0,288.0,Autumn,6.132587756,59.0
clay,9.376547799540958,weekly,33.8292961755305,78.10862742372709,27.75,129.25,202.75,5.7740589735,70.15901118250001,grapes,43.11,Manual,43.41,137,4938.54,0.59,Ferrous Sulphate,1065.0,885.0,Drip,Crop Cover,135.0,22.0,203.0,4516.0,14693.0,212.0,Summer,3.517156964,94.0
sandy,5.908020849831184,weekly,22.722052756015486,48.7435289761852,74.0,42.6,27.2,6.6739246354,162.05385370000005,coffee,27.1,Sprinkler,47.61,121,5264.09,0.7,Urea,212.0,10520.0,Flood,Mulching,175.0,132.0,274.0,1184.0,6493.0,315.0,Autumn,8.571501983,61.0
clay,4.66031154716606,weekly,34.22381127647829,44.28560431409304,19.27777777777778,36.22222222222222,25.83333333333333,6.085600605833333,106.86456395944444,mango,17.33,Sprinkler,25.8,134,4227.8,0.44,MOP,557.0,745.0,Sprinkler,Mulching,608.0,34.0,204.0,1508.0,12785.0,147.0,Autumn,5.718723473,58.0
clay,4.66031154716606,weekly,34.22381127647829,44.28560431409304,19.27777777777778,36.22222222222222,25.83333333333333,6.085600605833333,106.86456395944444,mango,17.33,Sprinkler,25.8,134,4227.8,0.44,MOP,1009.0,5594.0,,Efficient Irrigation,627.0,104.0,81.0,3861.0,7022.0,252.0,Autumn,6.177365904,51.0
clay,4.66031154716606,weekly,34.22381127647829,44.28560431409304,19.27777777777778,36.22222222222222,25.83333333333333,6.085600605833333,106.86456395944444,mango,17.33,Sprinkler,25.8,134,4227.8,0.44,MOP,874.0,17928.0,Flood,,254.0,157.0,240.0,3784.0,4850.0,119.0,Spring,9.238923654,86.0
sandy,5.36761097525165,bi-weekly,33.107012839121275,73.42995640947302,36.875,66.125,18.5,7.104514870375,65.56795631874999,blackgram,17.12,Sprinkler,12.13,125,3631.96,0.58,18:46:00 NPK,210.0,13543.0,,Crop Cover,659.0,178.0,64.0,4078.0,12208.0,170.0,Autumn,2.57969358,61.0
clay,6.562646731757538,daily,18.915822695785927,41.17979192597263,15.75,68.5,22.0,5.458974135250001,125.69360645999998,pigeonpeas,35.95,,6.34,122,4408.07,0.63,Urea,212.0,1129.0,Sprinkler,Mulching,686.0,19.0,231.0,4595.0,14404.0,213.0,Summer,7.776816289,58.0
loam,8.90808859553496,daily,16.38722601750331,78.16112697203056,22.07692307692308,132.53846153846155,200.15384615384616,6.093261119230769,71.06947527615385,grapes,18.17,,40.66,121,5859.3,0.82,Ferrous Sulphate,1354.0,1540.0,,Crop Cover,437.0,34.0,266.0,2994.0,5625.0,305.0,Winter,3.081512556,84.0
loam,8.90808859553496,daily,16.38722601750331,78.16112697203056,22.07692307692308,132.53846153846155,200.15384615384616,6.093261119230769,71.06947527615385,grapes,18.17,,40.66,121,5859.3,0.82,Ferrous Sulphate,1603.0,3267.0,Sprinkler,,358.0,157.0,116.0,3962.0,5508.0,335.0,Winter,8.040287512,50.0
loam,8.90808859553496,daily,16.38722601750331,78.16112697203056,22.07692307692308,132.53846153846155,200.15384615384616,6.093261119230769,71.06947527615385,grapes,18.17,,40.66,121,5859.3,0.82,Ferrous Sulphate,1866.0,11574.0,Flood,Mulching,680.0,40.0,274.0,4637.0,13286.0,106.0,Winter,7.994252648,65.0
loam,8.90808859553496,daily,16.38722601750331,78.16112697203056,22.07692307692308,132.53846153846155,200.15384615384616,6.093261119230769,71.06947527615385,grapes,18.17,,40.66,121,5859.3,0.82,Ferrous Sulphate,1628.0,15792.0,Flood,Mulching,506.0,32.0,200.0,3064.0,8229.0,288.0,Autumn,6.132587756,59.0
loam,8.90808859553496,daily,16.38722601750331,78.16112697203056,22.07692307692308,132.53846153846155,200.15384615384616,6.093261119230769,71.06947527615385,grapes,18.17,,40.66,121,5859.3,0.82,Ferrous Sulphate,1065.0,885.0,Drip,Crop Cover,135.0,22.0,203.0,4516.0,14693.0,212.0,Summer,3.517156964,94.0
loam,9.164383499538062,daily,17.01556002754853,30.60772373449082,9.5,70.5,17.5,4.824483553,135.37345390000002,pigeonpeas,18.8,Sprinkler,14.74,136,4358.35,0.8,MOP,212.0,1129.0,Sprinkler,Mulching,686.0,19.0,231.0,4595.0,14404.0,213.0,Summer,7.776816289,58.0
sandy,4.041712783187144,daily,15.364436513030997,78.49394133538195,23.33333333333333,131.44444444444446,200.11111111111111,6.061004850111111,71.33783727777777,grapes,18.54,,12.91,119,2200.87,0.38,Ferrous Sulphate,1354.0,1540.0,,Crop Cover,437.0,34.0,266.0,2994.0,5625.0,305.0,Winter,3.081512556,84.0
sandy,4.041712783187144,daily,15.364436513030997,78.49394133538195,23.33333333333333,131.44444444444446,200.11111111111111,6.061004850111111,71.33783727777777,grapes,18.54,,12.91,119,2200.87,0.38,Ferrous Sulphate,1603.0,3267.0,Sprinkler,,358.0,157.0,116.0,3962.0,5508.0,335.0,Winter,8.040287512,50.0
sandy,4.041712783187144,daily,15.364436513030997,78.49394133538195,23.33333333333333,131.44444444444446,200.11111111111111,6.061004850111111,71.33783727777777,grapes,18.54,,12.91,119,2200.87,0.38,Ferrous Sulphate,1866.0,11574.0,Flood,Mulching,680.0,40.0,274.0,4637.0,13286.0,106.0,Winter,7.994252648,65.0
sandy,4.041712783187144,daily,15.364436513030997,78.49394133538195,23.33333333333333,131.44444444444446,200.11111111111111,6.061004850111111,71.33783727777777,grapes,18.54,,12.91,119,2200.87,0.38,Ferrous Sulphate,1628.0,15792.0,Flood,Mulching,506.0,32.0,200.0,3064.0,8229.0,288.0,Autumn,6.132587756,59.0
sandy,4.041712783187144,daily,15.364436513030997,78.49394133538195,23.33333333333333,131.44444444444446,200.11111111111111,6.061004850111111,71.33783727777777,grapes,18.54,,12.91,119,2200.87,0.38,Ferrous Sulphate,1065.0,885.0,Drip,Crop Cover,135.0,22.0,203.0,4516.0,14693.0,212.0,Summer,3.517156964,94.0
loam,7.064483815465394,weekly,16.88885921511857,32.1579955975288,11.0,71.66666666666667,18.0,5.4246444123333335,121.29007141333334,pigeonpeas,35.95,,6.34,122,4408.07,0.63,Urea,212.0,1129.0,Sprinkler,Mulching,686.0,19.0,231.0,4595.0,14404.0,213.0,Summer,7.776816289,58.0
loam,6.504466018892674,daily,28.660135468327137,74.55715568490356,95.05555555555556,77.30555555555556,48.138888888888886,6.114040737361112,110.20385545555555,banana,42.64,,11.51,122,4985.17,0.77,20:20:20 NPK,210.0,13543.0,,Crop Cover,659.0,178.0,64.0,4078.0,12208.0,170.0,Autumn,2.57969358,61.0
clay,5.332646862824381,bi-weekly,16.42377296920458,56.385055454314994,72.0,53.5,21.0,5.859222787999999,83.97787152000001,maize,39.76,,21.68,111,2050.61,0.88,MOP,1424.0,9449.0,Flood,,551.0,191.0,106.0,381.0,2005.0,201.0,Summer,5.656022891,61.0
clay,5.332646862824381,bi-weekly,16.42377296920458,56.385055454314994,72.0,53.5,21.0,5.859222787999999,83.97787152000001,maize,39.76,,21.68,111,2050.61,0.88,MOP,1635.0,10758.0,Drip,,996.0,115.0,56.0,2363.0,2089.0,299.0,Spring,7.588012708,79.0
clay,5.332646862824381,bi-weekly,16.42377296920458,56.385055454314994,72.0,53.5,21.0,5.859222787999999,83.97787152000001,maize,39.76,,21.68,111,2050.61,0.88,MOP,708.0,10417.0,Drip,,173.0,118.0,77.0,3230.0,3178.0,187.0,Winter,3.094949042,77.0
sandy,4.719192204002097,bi-weekly,21.379512605875227,79.64823980596502,83.52222222222223,57.2,52.9,6.6063850469777785,158.72707272700004,rice,16.99,Sprinkler,19.77,107,3404.58,0.62,Urea,471.0,1077.0,Drip,Mulching,755.0,112.0,117.0,2896.0,11058.0,236.0,Spring,8.325441903,58.0
sandy,4.719192204002097,bi-weekly,21.379512605875227,79.64823980596502,83.52222222222223,57.2,52.9,6.6063850469777785,158.72707272700004,rice,16.99,Sprinkler,19.77,107,3404.58,0.62,Urea,1393.0,2257.0,Flood,Mulching,953.0,114.0,75.0,1541.0,2062.0,161.0,Spring,3.35588512,58.0
sandy,4.719192204002097,bi-weekly,21.379512605875227,79.64823980596502,83.52222222222223,57.2,52.9,6.6063850469777785,158.72707272700004,rice,16.99,Sprinkler,19.77,107,3404.58,0.62,Urea,534.0,16848.0,Sprinkler,Efficient Irrigation,471.0,15.0,215.0,3703.0,1980.0,327.0,Summer,9.533433343,81.0
sandy,4.719192204002097,bi-weekly,21.379512605875227,79.64823980596502,83.52222222222223,57.2,52.9,6.6063850469777785,158.72707272700004,rice,16.99,Sprinkler,19.77,107,3404.58,0.62,Urea,953.0,16741.0,,Efficient Irrigation,143.0,102.0,278.0,1349.0,505.0,334.0,Summer,4.115630626,72.0
sandy,4.719192204002097,bi-weekly,21.379512605875227,79.64823980596502,83.52222222222223,57.2,52.9,6.6063850469777785,158.72707272700004,rice,16.99,Sprinkler,19.77,107,3404.58,0.62,Urea,1441.0,8810.0,Drip,Efficient Irrigation,741.0,127.0,115.0,4232.0,1173.0,211.0,Winter,5.436101205,57.0
sandy,4.719192204002097,bi-weekly,21.379512605875227,79.64823980596502,83.52222222222223,57.2,52.9,6.6063850469777785,158.72707272700004,rice,16.99,Sprinkler,19.77,107,3404.58,0.62,Urea,1698.0,3053.0,Sprinkler,Efficient Irrigation,687.0,125.0,87.0,1720.0,10228.0,358.0,Summer,4.843097679,79.0
sandy,4.719192204002097,bi-weekly,21.379512605875227,79.64823980596502,83.52222222222223,57.2,52.9,6.6063850469777785,158.72707272700004,rice,16.99,Sprinkler,19.77,107,3404.58,0.62,Urea,1941.0,3928.0,Sprinkler,Crop Cover,183.0,80.0,287.0,2947.0,14019.0,133.0,Spring,8.32162273,60.0
sandy,4.719192204002097,bi-weekly,21.379512605875227,79.64823980596502,83.52222222222223,57.2,52.9,6.6063850469777785,158.72707272700004,rice,16.99,Sprinkler,19.77,107,3404.58,0.62,Urea,658.0,17029.0,Drip,Efficient Irrigation,996.0,39.0,217.0,1232.0,3450.0,336.0,Autumn,6.981333593,74.0
clay,6.025691028421768,daily,31.89750621938909,33.68982823676994,20.9,65.3,19.6,5.809418920000001,157.55290930999996,pigeonpeas,17.33,Sprinkler,25.8,134,4227.8,0.44,Urea,210.0,13543.0,,Crop Cover,659.0,178.0,64.0,4078.0,12208.0,170.0,Autumn,2.57969358,61.0
clay,5.939217592124532,bi-weekly,31.28936965177872,78.46512678095495,45.31578947368421,95.3157894736842,105.89473684210526,6.090957057631579,71.78258086736844,grapes,20.08,Sprinkler,10.16,99,5633.65,0.48,Ferrous Sulphate,1354.0,1540.0,,Crop Cover,437.0,34.0,266.0,2994.0,5625.0,305.0,Winter,3.081512556,84.0
clay,5.939217592124532,bi-weekly,31.28936965177872,78.46512678095495,45.31578947368421,95.3157894736842,105.89473684210526,6.090957057631579,71.78258086736844,grapes,20.08,Sprinkler,10.16,99,5633.65,0.48,Ferrous Sulphate,1603.0,3267.0,Sprinkler,,358.0,157.0,116.0,3962.0,5508.0,335.0,Winter,8.040287512,50.0
clay,5.939217592124532,bi-weekly,31.28936965177872,78.46512678095495,45.31578947368421,95.3157894736842,105.89473684210526,6.090957057631579,71.78258086736844,grapes,20.08,Sprinkler,10.16,99,5633.65,0.48,Ferrous Sulphate,1866.0,11574.0,Flood,Mulching,680.0,40.0,274.0,4637.0,13286.0,106.0,Winter,7.994252648,65.0
clay,5.939217592124532,bi-weekly,31.28936965177872,78.46512678095495,45.31578947368421,95.3157894736842,105.89473684210526,6.090957057631579,71.78258086736844,grapes,20.08,Sprinkler,10.16,99,5633.65,0.48,Ferrous Sulphate,1628.0,15792.0,Flood,Mulching,506.0,32.0,200.0,3064.0,8229.0,288.0,Autumn,6.132587756,59.0
clay,5.939217592124532,bi-weekly,31.28936965177872,78.46512678095495,45.31578947368421,95.3157894736842,105.89473684210526,6.090957057631579,71.78258086736844,grapes,20.08,Sprinkler,10.16,99,5633.65,0.48,Ferrous Sulphate,1065.0,885.0,Drip,Crop Cover,135.0,22.0,203.0,4516.0,14693.0,212.0,Summer,3.517156964,94.0
clay,7.112743730460196,bi-weekly,20.637095495468,56.15489220850744,53.78947368421053,56.47368421052632,19.84210526315789,6.23162156768421,111.80046241894736,maize,31.17,Drip,33.54,90,3334.23,0.74,Urea,1424.0,9449.0,Flood,,551.0,191.0,106.0,381.0,2005.0,201.0,Summer,5.656022891,61.0
clay,7.112743730460196,bi-weekly,20.637095495468,56.15489220850744,53.78947368421053,56.47368421052632,19.84210526315789,6.23162156768421,111.80046241894736,maize,31.17,Drip,33.54,90,3334.23,0.74,Urea,1635.0,10758.0,Drip,,996.0,115.0,56.0,2363.0,2089.0,299.0,Spring,7.588012708,79.0
clay,7.112743730460196,bi-weekly,20.637095495468,56.15489220850744,53.78947368421053,56.47368421052632,19.84210526315789,6.23162156768421,111.80046241894736,maize,31.17,Drip,33.54,90,3334.23,0.74,Urea,708.0,10417.0,Drip,,173.0,118.0,77.0,3230.0,3178.0,187.0,Winter,3.094949042,77.0
clay,8.218113753371068,weekly,17.363296552433127,61.46993190676312,52.73333333333333,54.13333333333333,19.6,6.154521346199999,75.84147501533333,maize,18.8,Sprinkler,14.74,136,4358.35,0.8,Urea,1424.0,9449.0,Flood,,551.0,191.0,106.0,381.0,2005.0,201.0,Summer,5.656022891,61.0
clay,8.218113753371068,weekly,17.363296552433127,61.46993190676312,52.73333333333333,54.13333333333333,19.6,6.154521346199999,75.84147501533333,maize,18.8,Sprinkler,14.74,136,4358.35,0.8,Urea,1635.0,10758.0,Drip,,996.0,115.0,56.0,2363.0,2089.0,299.0,Spring,7.588012708,79.0
clay,8.218113753371068,weekly,17.363296552433127,61.46993190676312,52.73333333333333,54.13333333333333,19.6,6.154521346199999,75.84147501533333,maize,18.8,Sprinkler,14.74,136,4358.35,0.8,Urea,708.0,10417.0,Drip,,173.0,118.0,77.0,3230.0,3178.0,187.0,Winter,3.094949042,77.0
clay,6.181777614275764,bi-weekly,28.93474330728301,64.78743444923086,36.52727272727272,61.3,20.2,6.947542877263636,74.16264999390908,blackgram,19.74,Sprinkler,9.6,112,5389.98,0.58,18:46:00 NPK,210.0,13543.0,,Crop Cover,659.0,178.0,64.0,4078.0,12208.0,170.0,Autumn,2.57969358,61.0
clay,9.830692496325764,weekly,27.57885693559768,52.72705323838866,49.54878048780488,37.58536585365854,26.451219512195124,6.530389022609757,109.20217012475612,coffee,40.94,Sprinkler,6.12,140,5723.26,0.36,10:10:10 NPK,210.0,13543.0,,Crop Cover,659.0,178.0,64.0,4078.0,12208.0,170.0,Autumn,2.57969358,61.0
sandy,9.774683769652668,weekly,32.549440270541055,61.37790400420317,35.46153846153846,63.96153846153846,19.615384615384617,6.826120179538462,73.99538859923078,blackgram,35.35,Drip,33.92,119,2726.92,0.5,18:46:00 NPK,210.0,13543.0,,Crop Cover,659.0,178.0,64.0,4078.0,12208.0,170.0,Autumn,2.57969358,61.0
loam,5.510693774952185,weekly,29.70142087607772,59.21571559615501,30.40277777777778,58.31944444444444,20.22222222222222,7.020030133041667,69.50612614583332,mothbeans,19.74,Sprinkler,9.6,112,5389.98,0.58,Urea,210.0,13543.0,,Crop Cover,659.0,178.0,64.0,4078.0,12208.0,170.0,Autumn,2.57969358,61.0
clay,6.983491035354312,weekly,31.06961860769697,75.05790052454944,94.83333333333331,81.0,48.083333333333336,6.0107660025,94.954085905,banana,40.61,Drip,46.69,116,3942.56,0.4,Urea,210.0,13543.0,,Crop Cover,659.0,178.0,64.0,4078.0,12208.0,170.0,Autumn,2.57969358,61.0
clay,5.805269858900618,weekly,20.64069145142613,32.272319017072896,15.333333333333334,71.33333333333333,19.33333333333333,5.454238356666667,176.38641216666667,pigeonpeas,27.1,Sprinkler,47.61,121,5264.09,0.7,MOP,212.0,1129.0,Sprinkler,Mulching,686.0,19.0,231.0,4595.0,14404.0,213.0,Summer,7.776816289,58.0
clay,5.709042966264805,daily,18.548790875594456,44.04815947961151,17.2,62.8,21.4,5.323981936999999,146.79192468000002,pigeonpeas,12.71,Sprinkler,36.23,94,3659.47,0.42,DAP,212.0,1129.0,Sprinkler,Mulching,686.0,19.0,231.0,4595.0,14404.0,213.0,Summer,7.776816289,58.0
clay,4.221321684127197,bi-weekly,30.012295032817168,77.52057420382793,65.625,77.8125,59.75,6.179474236916666,81.70825222520834,banana,21.73,Drip,16.02,144,5073.96,0.42,Chilated Micronutrient,210.0,13543.0,,Crop Cover,659.0,178.0,64.0,4078.0,12208.0,170.0,Autumn,2.57969358,61.0
clay,7.657386003879381,weekly,31.13669478534528,74.51318919454582,102.77777777777776,84.77777777777777,51.22222222222222,5.862420532888889,99.61517048111112,banana,40.61,Drip,46.69,116,3942.56,0.4,19:19:19 NPK,210.0,13543.0,,Crop Cover,659.0,178.0,64.0,4078.0,12208.0,170.0,Autumn,2.57969358,61.0
clay,7.016074139373169,bi-weekly,34.81010284001347,52.782837639285646,21.11111111111111,32.851851851851855,27.814814814814813,5.712490253888888,100.4548524325926,mango,19.37,,25.65,105,4979.96,0.84,MOP,557.0,745.0,Sprinkler,Mulching,608.0,34.0,204.0,1508.0,12785.0,147.0,Autumn,5.718723473,58.0
clay,7.016074139373169,bi-weekly,34.81010284001347,52.782837639285646,21.11111111111111,32.851851851851855,27.814814814814813,5.712490253888888,100.4548524325926,mango,19.37,,25.65,105,4979.96,0.84,MOP,1009.0,5594.0,,Efficient Irrigation,627.0,104.0,81.0,3861.0,7022.0,252.0,Autumn,6.177365904,51.0
clay,7.016074139373169,bi-weekly,34.81010284001347,52.782837639285646,21.11111111111111,32.851851851851855,27.814814814814813,5.712490253888888,100.4548524325926,mango,19.37,,25.65,105,4979.96,0.84,MOP,874.0,17928.0,Flood,,254.0,157.0,240.0,3784.0,4850.0,119.0,Spring,9.238923654,86.0
loam,4.308872507499936,bi-weekly,23.25235353822853,61.00662989007684,57.07692307692308,50.1025641025641,21.987179487179485,6.499627197833334,88.3504266673077,maize,25.29,,46.59,141,2330.45,0.79,MOP,1424.0,9449.0,Flood,,551.0,191.0,106.0,381.0,2005.0,201.0,Summer,5.656022891,61.0
loam,4.308872507499936,bi-weekly,23.25235353822853,61.00662989007684,57.07692307692308,50.1025641025641,21.987179487179485,6.499627197833334,88.3504266673077,maize,25.29,,46.59,141,2330.45,0.79,MOP,1635.0,10758.0,Drip,,996.0,115.0,56.0,2363.0,2089.0,299.0,Spring,7.588012708,79.0
loam,4.308872507499936,bi-weekly,23.25235353822853,61.00662989007684,57.07692307692308,50.1025641025641,21.987179487179485,6.499627197833334,88.3504266673077,maize,25.29,,46.59,141,2330.45,0.79,MOP,708.0,10417.0,Drip,,173.0,118.0,77.0,3230.0,3178.0,187.0,Winter,3.094949042,77.0
loam,5.671878785419668,weekly,22.440361715855666,43.86905914905663,19.75,68.5,21.25,6.8325949790000005,166.22596987499998,pigeonpeas,16.99,Sprinkler,19.77,107,3404.58,0.62,SSP,212.0,10520.0,Flood,Mulching,175.0,132.0,274.0,1184.0,6493.0,315.0,Autumn,8.571501983,61.0
clay,9.449595315799922,daily,30.52825921483993,39.40605798618807,19.22222222222222,57.27777777777778,20.944444444444443,6.543053796333333,104.25794210666668,mothbeans,22.38,Manual,9.66,99,4626.95,0.63,Urea,210.0,13543.0,,Crop Cover,659.0,178.0,64.0,4078.0,12208.0,170.0,Autumn,2.57969358,61.0
loam,5.437371344001835,weekly,21.81607080506036,53.18492024699911,78.0,44.76470588235294,25.823529411764707,6.290865369705882,142.88649983588235,coffee,27.1,Sprinkler,47.61,121,5264.09,0.7,DAP,210.0,13543.0,,Crop Cover,659.0,178.0,64.0,4078.0,12208.0,170.0,Autumn,2.57969358,61.0
sandy,4.8693692325473386,daily,33.61514651207129,47.66761140130264,22.257142857142856,31.2,28.2,5.837979257,98.15670173,mango,17.33,Sprinkler,25.8,134,4227.8,0.44,MOP,557.0,745.0,Sprinkler,Mulching,608.0,34.0,204.0,1508.0,12785.0,147.0,Autumn,5.718723473,58.0
sandy,4.8693692325473386,daily,33.61514651207129,47.66761140130264,22.257142857142856,31.2,28.2,5.837979257,98.15670173,mango,17.33,Sprinkler,25.8,134,4227.8,0.44,MOP,1009.0,5594.0,,Efficient Irrigation,627.0,104.0,81.0,3861.0,7022.0,252.0,Autumn,6.177365904,51.0
sandy,4.8693692325473386,daily,33.61514651207129,47.66761140130264,22.257142857142856,31.2,28.2,5.837979257,98.15670173,mango,17.33,Sprinkler,25.8,134,4227.8,0.44,MOP,874.0,17928.0,Flood,,254.0,157.0,240.0,3784.0,4850.0,119.0,Spring,9.238923654,86.0
clay,6.936716561665378,bi-weekly,32.16825503686024,59.1828055925436,32.51851851851852,59.37037037037037,20.22222222222222,6.637062198370369,71.8759775437037,blackgram,19.37,,25.65,105,4979.96,0.84,DAP,210.0,13543.0,,Crop Cover,659.0,178.0,64.0,4078.0,12208.0,170.0,Autumn,2.57969358,61.0
sandy,9.913902724663604,daily,23.57988054750037,33.88673184824924,29.0,72.0,24.0,6.962386495,162.5931264,pigeonpeas,38.47,,42.12,145,4170.37,0.67,Urea,212.0,10520.0,Flood,Mulching,175.0,132.0,274.0,1184.0,6493.0,315.0,Autumn,8.571501983,61.0
sandy,5.452331629069002,daily,30.017421355829946,78.71974038330833,58.57971014492754,77.8840579710145,62.7536231884058,6.19257306810145,77.25275852855074,banana,21.73,Drip,16.02,144,5073.96,0.42,Urea,210.0,13543.0,,Crop Cover,659.0,178.0,64.0,4078.0,12208.0,170.0,Autumn,2.57969358,61.0
clay,8.03281328443527,daily,30.090857481693646,79.31053722398013,57.23529411764706,77.02941176470588,62.60294117647059,6.205820744397059,75.99456101088236,banana,40.61,Drip,46.69,116,3942.56,0.4,Urea,210.0,13543.0,,Crop Cover,659.0,178.0,64.0,4078.0,12208.0,170.0,Autumn,2.57969358,61.0
loam,8.569717691972306,bi-weekly,17.062477376718654,64.90808570098726,46.44444444444444,58.66666666666666,20.27777777777778,6.355604208,72.49810974388889,maize,18.8,Sprinkler,14.74,136,4358.35,0.8,Urea,1424.0,9449.0,Flood,,551.0,191.0,106.0,381.0,2005.0,201.0,Summer,5.656022891,61.0
loam,8.569717691972306,bi-weekly,17.062477376718654,64.90808570098726,46.44444444444444,58.66666666666666,20.27777777777778,6.355604208,72.49810974388889,maize,18.8,Sprinkler,14.74,136,4358.35,0.8,Urea,1635.0,10758.0,Drip,,996.0,115.0,56.0,2363.0,2089.0,299.0,Spring,7.588012708,79.0
loam,8.569717691972306,bi-weekly,17.062477376718654,64.90808570098726,46.44444444444444,58.66666666666666,20.27777777777778,6.355604208,72.49810974388889,maize,18.8,Sprinkler,14.74,136,4358.35,0.8,Urea,708.0,10417.0,Drip,,173.0,118.0,77.0,3230.0,3178.0,187.0,Winter,3.094949042,77.0
sandy,5.425825263954398,bi-weekly,33.05105813359133,56.80481831720602,26.62962962962963,43.888888888888886,25.85185185185185,5.957295398481481,93.93567137555554,mango,17.33,Sprinkler,25.8,134,4227.8,0.44,MOP,557.0,745.0,Sprinkler,Mulching,608.0,34.0,204.0,1508.0,12785.0,147.0,Autumn,5.718723473,58.0
sandy,5.425825263954398,bi-weekly,33.05105813359133,56.80481831720602,26.62962962962963,43.888888888888886,25.85185185185185,5.957295398481481,93.93567137555554,mango,17.33,Sprinkler,25.8,134,4227.8,0.44,MOP,1009.0,5594.0,,Efficient Irrigation,627.0,104.0,81.0,3861.0,7022.0,252.0,Autumn,6.177365904,51.0
sandy,5.425825263954398,bi-weekly,33.05105813359133,56.80481831720602,26.62962962962963,43.888888888888886,25.85185185185185,5.957295398481481,93.93567137555554,mango,17.33,Sprinkler,25.8,134,4227.8,0.44,MOP,874.0,17928.0,Flood,,254.0,157.0,240.0,3784.0,4850.0,119.0,Spring,9.238923654,86.0
clay,8.369298091671158,daily,25.105047448957144,45.47638081431639,22.33333333333333,52.375,21.625,6.276028717041666,87.76464617708332,mothbeans,13.39,Drip,23.12,145,2437.08,0.55,Urea,210.0,13543.0,,Crop Cover,659.0,178.0,64.0,4078.0,12208.0,170.0,Autumn,2.57969358,61.0
sandy,6.20669879631552,daily,31.52914932215484,70.68975098534743,35.142857142857146,66.03571428571429,19.285714285714285,6.955116801392856,75.8879244742857,blackgram,19.74,Sprinkler,9.6,112,5389.98,0.58,18:46:00 NPK,210.0,13543.0,,Crop Cover,659.0,178.0,64.0,4078.0,12208.0,170.0,Autumn,2.57969358,61.0
sandy,7.793834983561477,weekly,21.40099202061224,64.23655862769397,48.983050847457626,57.644067796610166,20.372881355932204,6.534093677813559,79.1991718916949,lentil,42.43,,13.55,127,4942.95,0.65,19:19:19 NPK,210.0,13543.0,,Crop Cover,659.0,178.0,64.0,4078.0,12208.0,170.0,Autumn,2.57969358,61.0
sandy,7.801178264565368,daily,32.91046456992401,38.130846967244565,24.2,57.6,20.7,6.2484081004,128.794617463,pigeonpeas,19.37,,25.65,105,4979.96,0.84,12:32:16 NPK,210.0,13543.0,,Crop Cover,659.0,178.0,64.0,4078.0,12208.0,170.0,Autumn,2.57969358,61.0
sandy,7.214648104448551,weekly,22.784033574683264,75.54635922469213,96.08333333333331,49.023809523809526,31.464285714285715,6.740512542940476,123.31856007464285,cotton,35.54,,9.11,117,2386.26,0.34,DAP,260.0,11583.0,Flood,Efficient Irrigation,249.0,51.0,206.0,3331.0,3120.0,186.0,Spring,4.394908346,71.0
sandy,7.214648104448551,weekly,22.784033574683264,75.54635922469213,96.08333333333331,49.023809523809526,31.464285714285715,6.740512542940476,123.31856007464285,cotton,35.54,,9.11,117,2386.26,0.34,DAP,324.0,9762.0,Drip,Mulching,811.0,61.0,243.0,3643.0,3728.0,231.0,Spring,4.788243042,57.0
sandy,7.214648104448551,weekly,22.784033574683264,75.54635922469213,96.08333333333331,49.023809523809526,31.464285714285715,6.740512542940476,123.31856007464285,cotton,35.54,,9.11,117,2386.26,0.34,DAP,464.0,17339.0,Sprinkler,Crop Cover,745.0,126.0,75.0,3938.0,8104.0,208.0,Winter,9.634635565,87.0
sandy,7.214648104448551,weekly,22.784033574683264,75.54635922469213,96.08333333333331,49.023809523809526,31.464285714285715,6.740512542940476,123.31856007464285,cotton,35.54,,9.11,117,2386.26,0.34,DAP,1881.0,1655.0,,Mulching,921.0,137.0,170.0,4606.0,5783.0,88.0,Winter,1.519218404,71.0
sandy,7.214648104448551,weekly,22.784033574683264,75.54635922469213,96.08333333333331,49.023809523809526,31.464285714285715,6.740512542940476,123.31856007464285,cotton,35.54,,9.11,117,2386.26,0.34,DAP,1318.0,3569.0,Flood,Efficient Irrigation,268.0,121.0,67.0,4826.0,3884.0,201.0,Spring,2.433324513,64.0
sandy,7.214648104448551,weekly,22.784033574683264,75.54635922469213,96.08333333333331,49.023809523809526,31.464285714285715,6.740512542940476,123.31856007464285,cotton,35.54,,9.11,117,2386.26,0.34,DAP,1257.0,2843.0,Drip,Efficient Irrigation,121.0,21.0,268.0,4971.0,11465.0,128.0,Summer,8.721590876,55.0
sandy,7.214648104448551,weekly,22.784033574683264,75.54635922469213,96.08333333333331,49.023809523809526,31.464285714285715,6.740512542940476,123.31856007464285,cotton,35.54,,9.11,117,2386.26,0.34,DAP,1241.0,4023.0,Drip,Mulching,789.0,198.0,276.0,321.0,5091.0,333.0,Summer,5.025729125,51.0
sandy,7.214648104448551,weekly,22.784033574683264,75.54635922469213,96.08333333333331,49.023809523809526,31.464285714285715,6.740512542940476,123.31856007464285,cotton,35.54,,9.11,117,2386.26,0.34,DAP,867.0,14246.0,Sprinkler,Crop Cover,607.0,28.0,193.0,4905.0,8523.0,212.0,Spring,1.998639001,91.0
sandy,7.214648104448551,weekly,22.784033574683264,75.54635922469213,96.08333333333331,49.023809523809526,31.464285714285715,6.740512542940476,123.31856007464285,cotton,35.54,,9.11,117,2386.26,0.34,DAP,1074.0,15119.0,Drip,,841.0,26.0,259.0,3152.0,8211.0,315.0,Autumn,2.840150087,64.0
sandy,7.214648104448551,weekly,22.784033574683264,75.54635922469213,96.08333333333331,49.023809523809526,31.464285714285715,6.740512542940476,123.31856007464285,cotton,35.54,,9.11,117,2386.26,0.34,DAP,494.0,1633.0,Sprinkler,Efficient Irrigation,950.0,117.0,245.0,1602.0,8671.0,177.0,Autumn,1.712774133,93.0
sandy,9.011814973535428,weekly,33.10763952838528,77.4899956645962,22.5,129.0,201.5,5.926058150499999,70.11993684000001,grapes,43.11,Manual,43.41,137,4938.54,0.59,Ferrous Sulphate,1354.0,1540.0,,Crop Cover,437.0,34.0,266.0,2994.0,5625.0,305.0,Winter,3.081512556,84.0
sandy,9.011814973535428,weekly,33.10763952838528,77.4899956645962,22.5,129.0,201.5,5.926058150499999,70.11993684000001,grapes,43.11,Manual,43.41,137,4938.54,0.59,Ferrous Sulphate,1603.0,3267.0,Sprinkler,,358.0,157.0,116.0,3962.0,5508.0,335.0,Winter,8.040287512,50.0
sandy,9.011814973535428,weekly,33.10763952838528,77.4899956645962,22.5,129.0,201.5,5.926058150499999,70.11993684000001,grapes,43.11,Manual,43.41,137,4938.54,0.59,Ferrous Sulphate,1866.0,11574.0,Flood,Mulching,680.0,40.0,274.0,4637.0,13286.0,106.0,Winter,7.994252648,65.0
sandy,9.011814973535428,weekly,33.10763952838528,77.4899956645962,22.5,129.0,201.5,5.926058150499999,70.11993684000001,grapes,43.11,Manual,43.41,137,4938.54,0.59,Ferrous Sulphate,1628.0,15792.0,Flood,Mulching,506.0,32.0,200.0,3064.0,8229.0,288.0,Autumn,6.132587756,59.0
sandy,9.011814973535428,weekly,33.10763952838528,77.4899956645962,22.5,129.0,201.5,5.926058150499999,70.11993684000001,grapes,43.11,Manual,43.41,137,4938.54,0.59,Ferrous Sulphate,1065.0,885.0,Drip,Crop Cover,135.0,22.0,203.0,4516.0,14693.0,212.0,Summer,3.517156964,94.0
sandy,5.924680389830416,bi-weekly,16.82573353572267,66.28597541941801,44.8235294117647,59.588235294117645,20.23529411764705,6.375146500235294,70.23820335235294,maize,39.76,,21.68,111,2050.61,0.88,Urea,1424.0,9449.0,Flood,,551.0,191.0,106.0,381.0,2005.0,201.0,Summer,5.656022891,61.0
sandy,5.924680389830416,bi-weekly,16.82573353572267,66.28597541941801,44.8235294117647,59.588235294117645,20.23529411764705,6.375146500235294,70.23820335235294,maize,39.76,,21.68,111,2050.61,0.88,Urea,1635.0,10758.0,Drip,,996.0,115.0,56.0,2363.0,2089.0,299.0,Spring,7.588012708,79.0
sandy,5.924680389830416,bi-weekly,16.82573353572267,66.28597541941801,44.8235294117647,59.588235294117645,20.23529411764705,6.375146500235294,70.23820335235294,maize,39.76,,21.68,111,2050.61,0.88,Urea,708.0,10417.0,Drip,,173.0,118.0,77.0,3230.0,3178.0,187.0,Winter,3.094949042,77.0
sandy,5.119111062399125,daily,21.3862727518083,60.6707597967895,51.129629629629626,56.94444444444444,19.796296296296298,6.402931344944444,81.56614009833332,maize,27.1,Sprinkler,47.61,121,5264.09,0.7,Urea,1424.0,9449.0,Flood,,551.0,191.0,106.0,381.0,2005.0,201.0,Summer,5.656022891,61.0
sandy,5.119111062399125,daily,21.3862727518083,60.6707597967895,51.129629629629626,56.94444444444444,19.796296296296298,6.402931344944444,81.56614009833332,maize,27.1,Sprinkler,47.61,121,5264.09,0.7,Urea,1635.0,10758.0,Drip,,996.0,115.0,56.0,2363.0,2089.0,299.0,Spring,7.588012708,79.0
sandy,5.119111062399125,daily,21.3862727518083,60.6707597967895,51.129629629629626,56.94444444444444,19.796296296296298,6.402931344944444,81.56614009833332,maize,27.1,Sprinkler,47.61,121,5264.09,0.7,Urea,708.0,10417.0,Drip,,173.0,118.0,77.0,3230.0,3178.0,187.0,Winter,3.094949042,77.0
loam,4.244650849328584,daily,34.0012393410161,50.912151814530944,20.35135135135135,30.16216216216216,29.0,5.668746709675675,98.2520590716216,mango,17.33,Sprinkler,25.8,134,4227.8,0.44,MOP,557.0,745.0,Sprinkler,Mulching,608.0,34.0,204.0,1508.0,12785.0,147.0,Autumn,5.718723473,58.0
loam,4.244650849328584,daily,34.0012393410161,50.912151814530944,20.35135135135135,30.16216216216216,29.0,5.668746709675675,98.2520590716216,mango,17.33,Sprinkler,25.8,134,4227.8,0.44,MOP,1009.0,5594.0,,Efficient Irrigation,627.0,104.0,81.0,3861.0,7022.0,252.0,Autumn,6.177365904,51.0
loam,4.244650849328584,daily,34.0012393410161,50.912151814530944,20.35135135135135,30.16216216216216,29.0,5.668746709675675,98.2520590716216,mango,17.33,Sprinkler,25.8,134,4227.8,0.44,MOP,874.0,17928.0,Flood,,254.0,157.0,240.0,3784.0,4850.0,119.0,Spring,9.238923654,86.0
sandy,7.545357659129451,daily,34.012142938751126,76.63642416770065,22.5,129.0,201.5,5.926058150499999,70.11993684000001,grapes,19.37,,25.65,105,4979.96,0.84,Ferrous Sulphate,1354.0,1540.0,,Crop Cover,437.0,34.0,266.0,2994.0,5625.0,305.0,Winter,3.081512556,84.0
sandy,7.545357659129451,daily,34.012142938751126,76.63642416770065,22.5,129.0,201.5,5.926058150499999,70.11993684000001,grapes,19.37,,25.65,105,4979.96,0.84,Ferrous Sulphate,1603.0,3267.0,Sprinkler,,358.0,157.0,116.0,3962.0,5508.0,335.0,Winter,8.040287512,50.0
sandy,7.545357659129451,daily,34.012142938751126,76.63642416770065,22.5,129.0,201.5,5.926058150499999,70.11993684000001,grapes,19.37,,25.65,105,4979.96,0.84,Ferrous Sulphate,1866.0,11574.0,Flood,Mulching,680.0,40.0,274.0,4637.0,13286.0,106.0,Winter,7.994252648,65.0
sandy,7.545357659129451,daily,34.012142938751126,76.63642416770065,22.5,129.0,201.5,5.926058150499999,70.11993684000001,grapes,19.37,,25.65,105,4979.96,0.84,Ferrous Sulphate,1628.0,15792.0,Flood,Mulching,506.0,32.0,200.0,3064.0,8229.0,288.0,Autumn,6.132587756,59.0
sandy,7.545357659129451,daily,34.012142938751126,76.63642416770065,22.5,129.0,201.5,5.926058150499999,70.11993684000001,grapes,19.37,,25.65,105,4979.96,0.84,Ferrous Sulphate,1065.0,885.0,Drip,Crop Cover,135.0,22.0,203.0,4516.0,14693.0,212.0,Summer,3.517156964,94.0
sandy,8.065386171053694,daily,26.46875776246572,73.30319447502042,83.4888888888889,56.077777777777776,32.25555555555555,6.63907332582222,116.07282679466664,jute,29.32,Drip,15.26,144,2931.16,0.8,Urea,210.0,13543.0,,Crop Cover,659.0,178.0,64.0,4078.0,12208.0,170.0,Autumn,2.57969358,61.0
sandy,8.0,daily,25.0,60.0,60.549019607843135,47.13725490196079,23.764705882352946,6.803840872549021,96.4814101990196,coffee,13.39,Drip,23.12,145,2437.08,0.55,Urea,210.0,13543.0,,Crop Cover,659.0,178.0,64.0,4078.0,12208.0,170.0,Autumn,2.57969358,61.0
clay,5.0,weekly,20.0,70.0,50.935483870967744,59.54838709677419,19.35483870967742,6.471222176709677,73.40478834483872,maize,23.85,,49.93,124,2852.62,0.34,Urea,1424.0,9449.0,Flood,,551.0,191.0,106.0,381.0,2005.0,201.0,Summer,5.656022891,61.0
clay,5.0,weekly,20.0,70.0,50.935483870967744,59.54838709677419,19.35483870967742,6.471222176709677,73.40478834483872,maize,23.85,,49.93,124,2852.62,0.34,Urea,1635.0,10758.0,Drip,,996.0,115.0,56.0,2363.0,2089.0,299.0,Spring,7.588012708,79.0
clay,5.0,weekly,20.0,70.0,50.935483870967744,59.54838709677419,19.35483870967742,6.471222176709677,73.40478834483872,maize,23.85,,49.93,124,2852.62,0.34,Urea,708.0,10417.0,Drip,,173.0,118.0,77.0,3230.0,3178.0,187.0,Winter,3.094949042,77.0
loam,6.0,bi-weekly,22.0,55.0,80.45833333333333,43.29166666666666,23.75,6.331744153708333,130.90709356791666,maize,27.1,Sprinkler,47.61,121,5264.09,0.7,Urea,1424.0,9449.0,Flood,,551.0,191.0,106.0,381.0,2005.0,201.0,Summer,5.656022891,61.0
loam,6.0,bi-weekly,22.0,55.0,80.45833333333333,43.29166666666666,23.75,6.331744153708333,130.90709356791666,maize,27.1,Sprinkler,47.61,121,5264.09,0.7,Urea,1635.0,10758.0,Drip,,996.0,115.0,56.0,2363.0,2089.0,299.0,Spring,7.588012708,79.0
loam,6.0,bi-weekly,22.0,55.0,80.45833333333333,43.29166666666666,23.75,6.331744153708333,130.90709356791666,maize,27.1,Sprinkler,47.61,121,5264.09,0.7,Urea,708.0,10417.0,Drip,,173.0,118.0,77.0,3230.0,3178.0,187.0,Winter,3.094949042,77.0
loam,7.0,daily,30.0,50.0,20.63013698630137,37.89041095890411,26.6027397260274,6.048174087465753,90.41177822041097,mango,40.61,Drip,46.69,116,3942.56,0.4,MOP,557.0,745.0,Sprinkler,Mulching,608.0,34.0,204.0,1508.0,12785.0,147.0,Autumn,5.718723473,58.0
loam,7.0,daily,30.0,50.0,20.63013698630137,37.89041095890411,26.6027397260274,6.048174087465753,90.41177822041097,mango,40.61,Drip,46.69,116,3942.56,0.4,MOP,1009.0,5594.0,,Efficient Irrigation,627.0,104.0,81.0,3861.0,7022.0,252.0,Autumn,6.177365904,51.0
loam,7.0,daily,30.0,50.0,20.63013698630137,37.89041095890411,26.6027397260274,6.048174087465753,90.41177822041097,mango,40.61,Drip,46.69,116,3942.56,0.4,MOP,874.0,17928.0,Flood,,254.0,157.0,240.0,3784.0,4850.0,119.0,Spring,9.238923654,86.0
clay,6.812,weekly,26.5,65.2,49.36153846153846,55.88461538461539,21.59230769230769,6.792057312361539,82.94892496792309,lentil,33.39,Manual,17.58,146,3105.07,0.44,Urea,210.0,13543.0,,Crop Cover,659.0,178.0,64.0,4078.0,12208.0,170.0,Autumn,2.57969358,61.0
sandy,7.445,daily,18.3,48.7,19.4,64.4,20.4,5.5087952622000005,155.47563708,pigeonpeas,35.95,,6.34,122,4408.07,0.63,50:26:26 NPK,212.0,1129.0,Sprinkler,Mulching,686.0,19.0,231.0,4595.0,14404.0,213.0,Summer,7.776816289,58.0
loam,5.229,bi-weekly,24.7,52.1,75.07843137254902,37.86274509803921,26.58823529411765,6.705057927647058,124.51137640647056,coffee,44.91,Sprinkler,24.0,114,4383.55,0.82,DAP,210.0,13543.0,,Crop Cover,659.0,178.0,64.0,4078.0,12208.0,170.0,Autumn,2.57969358,61.0
sandy,8.318,weekly,20.1,62.5,49.26,58.1,19.4,6.453592712359999,74.3520180768,maize,42.43,,13.55,127,4942.95,0.65,Urea,1424.0,9449.0,Flood,,551.0,191.0,106.0,381.0,2005.0,201.0,Summer,5.656022891,61.0
sandy,8.318,weekly,20.1,62.5,49.26,58.1,19.4,6.453592712359999,74.3520180768,maize,42.43,,13.55,127,4942.95,0.65,Urea,1635.0,10758.0,Drip,,996.0,115.0,56.0,2363.0,2089.0,299.0,Spring,7.588012708,79.0
sandy,8.318,weekly,20.1,62.5,49.26,58.1,19.4,6.453592712359999,74.3520180768,maize,42.43,,13.55,127,4942.95,0.65,Urea,708.0,10417.0,Drip,,173.0,118.0,77.0,3230.0,3178.0,187.0,Winter,3.094949042,77.0
clay,6.134,daily,27.4,70.3,56.57575757575758,55.98484848484848,24.484848484848484,6.84233100040909,96.95827559878788,blackgram,13.92,Sprinkler,10.74,147,5732.35,0.45,18:46:00 NPK,210.0,13543.0,,Crop Cover,659.0,178.0,64.0,4078.0,12208.0,170.0,Autumn,2.57969358,61.0
loam,4.789,bi-weekly,31.6,68.9,35.333333333333336,66.6969696969697,19.24242424242424,7.018412370272727,74.5337704460606,blackgram,19.74,Sprinkler,9.6,112,5389.98,0.58,18:46:00 NPK,210.0,13543.0,,Crop Cover,659.0,178.0,64.0,4078.0,12208.0,170.0,Autumn,2.57969358,61.0
sandy,7.019,daily,22.5,55.4,72.94594594594595,41.18918918918919,24.16216216216216,6.448624540243244,115.75748918054056,coffee,26.4,Drip,38.05,91,2365.31,0.87,MOP,210.0,13543.0,,Crop Cover,659.0,178.0,64.0,4078.0,12208.0,170.0,Autumn,2.57969358,61.0
clay,5.932,weekly,17.8,46.2,16.0,65.25,19.5,5.744132453000001,163.730441275,pigeonpeas,40.54,Manual,49.78,118,5598.46,0.5,Urea,212.0,1129.0,Sprinkler,Mulching,686.0,19.0,231.0,4595.0,14404.0,213.0,Summer,7.776816289,58.0
loam,8.442,bi-weekly,19.3,54.1,45.66666666666666,59.66666666666666,20.0,5.851947975666667,126.3523054722222,maize,18.8,Sprinkler,14.74,136,4358.35,0.8,Urea,1424.0,9449.0,Flood,,551.0,191.0,106.0,381.0,2005.0,201.0,Summer,5.656022891,61.0
loam,8.442,bi-weekly,19.3,54.1,45.66666666666666,59.66666666666666,20.0,5.851947975666667,126.3523054722222,maize,18.8,Sprinkler,14.74,136,4358.35,0.8,Urea,1635.0,10758.0,Drip,,996.0,115.0,56.0,2363.0,2089.0,299.0,Spring,7.588012708,79.0
loam,8.442,bi-weekly,19.3,54.1,45.66666666666666,59.66666666666666,20.0,5.851947975666667,126.3523054722222,maize,18.8,Sprinkler,14.74,136,4358.35,0.8,Urea,708.0,10417.0,Drip,,173.0,118.0,77.0,3230.0,3178.0,187.0,Winter,3.094949042,77.0
sandy,6.356,daily,30.8,63.7,33.540983606557376,63.50819672131148,19.081967213114755,7.077983087557378,72.83579668540983,blackgram,19.74,Sprinkler,9.6,112,5389.98,0.58,18:46:00 NPK,210.0,13543.0,,Crop Cover,659.0,178.0,64.0,4078.0,12208.0,170.0,Autumn,2.57969358,61.0
loam,4.546,daily,29.1,71.2,43.65,66.25,23.8,6.712156021774999,85.29351297299999,blackgram,21.73,Drip,16.02,144,5073.96,0.42,18:46:00 NPK,210.0,13543.0,,Crop Cover,659.0,178.0,64.0,4078.0,12208.0,170.0,Autumn,2.57969358,61.0
sandy,7.627,bi-weekly,23.9,69.8,69.1875,49.0625,25.825,6.6347656421500005,110.9363980755,maize,39.75,Manual,20.2,126,5409.69,0.33,Urea,1424.0,9449.0,Flood,,551.0,191.0,106.0,381.0,2005.0,201.0,Summer,5.656022891,61.0
sandy,7.627,bi-weekly,23.9,69.8,69.1875,49.0625,25.825,6.6347656421500005,110.9363980755,maize,39.75,Manual,20.2,126,5409.69,0.33,Urea,1635.0,10758.0,Drip,,996.0,115.0,56.0,2363.0,2089.0,299.0,Spring,7.588012708,79.0
sandy,7.627,bi-weekly,23.9,69.8,69.1875,49.0625,25.825,6.6347656421500005,110.9363980755,maize,39.75,Manual,20.2,126,5409.69,0.33,Urea,708.0,10417.0,Drip,,173.0,118.0,77.0,3230.0,3178.0,187.0,Winter,3.094949042,77.0
clay,8.443,daily,27.6,49.3,37.91428571428571,39.17142857142857,26.085714285714285,6.091627004114287,104.09113587842856,mango,40.94,Sprinkler,6.12,140,5723.26,0.36,MOP,557.0,745.0,Sprinkler,Mulching,608.0,34.0,204.0,1508.0,12785.0,147.0,Autumn,5.718723473,58.0
clay,8.443,daily,27.6,49.3,37.91428571428571,39.17142857142857,26.085714285714285,6.091627004114287,104.09113587842856,mango,40.94,Sprinkler,6.12,140,5723.26,0.36,MOP,1009.0,5594.0,,Efficient Irrigation,627.0,104.0,81.0,3861.0,7022.0,252.0,Autumn,6.177365904,51.0
clay,8.443,daily,27.6,49.3,37.91428571428571,39.17142857142857,26.085714285714285,6.091627004114287,104.09113587842856,mango,40.94,Sprinkler,6.12,140,5723.26,0.36,MOP,874.0,17928.0,Flood,,254.0,157.0,240.0,3784.0,4850.0,119.0,Spring,9.238923654,86.0
loam,5.689,weekly,20.8,57.5,55.29166666666666,55.91666666666666,19.75,6.2013539175,103.68477472749998,maize,27.1,Sprinkler,47.61,121,5264.09,0.7,Urea,1424.0,9449.0,Flood,,551.0,191.0,106.0,381.0,2005.0,201.0,Summer,5.656022891,61.0
loam,5.689,weekly,20.8,57.5,55.29166666666666,55.91666666666666,19.75,6.2013539175,103.68477472749998,maize,27.1,Sprinkler,47.61,121,5264.09,0.7,Urea,1635.0,10758.0,Drip,,996.0,115.0,56.0,2363.0,2089.0,299.0,Spring,7.588012708,79.0
loam,5.689,weekly,20.8,57.5,55.29166666666666,55.91666666666666,19.75,6.2013539175,103.68477472749998,maize,27.1,Sprinkler,47.61,121,5264.09,0.7,Urea,708.0,10417.0,Drip,,173.0,118.0,77.0,3230.0,3178.0,187.0,Winter,3.094949042,77.0
sandy,4.118,bi-weekly,31.2,50.4,21.27868852459016,34.68852459016394,27.901639344262296,6.000992922754097,87.65255724983608,mango,38.51,,6.46,148,5235.23,0.6,MOP,557.0,745.0,Sprinkler,Mulching,608.0,34.0,204.0,1508.0,12785.0,147.0,Autumn,5.718723473,58.0
sandy,4.118,bi-weekly,31.2,50.4,21.27868852459016,34.68852459016394,27.901639344262296,6.000992922754097,87.65255724983608,mango,38.51,,6.46,148,5235.23,0.6,MOP,1009.0,5594.0,,Efficient Irrigation,627.0,104.0,81.0,3861.0,7022.0,252.0,Autumn,6.177365904,51.0
sandy,4.118,bi-weekly,31.2,50.4,21.27868852459016,34.68852459016394,27.901639344262296,6.000992922754097,87.65255724983608,mango,38.51,,6.46,148,5235.23,0.6,MOP,874.0,17928.0,Flood,,254.0,157.0,240.0,3784.0,4850.0,119.0,Spring,9.238923654,86.0
clay,6.917,daily,18.9,67.1,52.2,57.31428571428572,19.457142857142856,6.462648783257142,68.47617031,maize,31.17,Drip,33.54,90,3334.23,0.74,Urea,1424.0,9449.0,Flood,,551.0,191.0,106.0,381.0,2005.0,201.0,Summer,5.656022891,61.0
clay,6.917,daily,18.9,67.1,52.2,57.31428571428572,19.457142857142856,6.462648783257142,68.47617031,maize,31.17,Drip,33.54,90,3334.23,0.74,Urea,1635.0,10758.0,Drip,,996.0,115.0,56.0,2363.0,2089.0,299.0,Spring,7.588012708,79.0
clay,6.917,daily,18.9,67.1,52.2,57.31428571428572,19.457142857142856,6.462648783257142,68.47617031,maize,31.17,Drip,33.54,90,3334.23,0.74,Urea,708.0,10417.0,Drip,,173.0,118.0,77.0,3230.0,3178.0,187.0,Winter,3.094949042,77.0
loam,7.456,bi-weekly,24.6,55.9,71.34666666666666,41.22666666666667,25.56,6.670605056173333,117.42631469146669,coffee,13.39,Drip,23.12,145,2437.08,0.55,12:32:16 NPK,210.0,13543.0,,Crop Cover,659.0,178.0,64.0,4078.0,12208.0,170.0,Autumn,2.57969358,61.0
clay,5.667,weekly,30.3,73.6,71.47368421052632,77.47368421052632,37.10526315789474,6.374736259368421,81.2273028,banana,19.74,Sprinkler,9.6,112,5389.98,0.58,Urea,210.0,13543.0,,Crop Cover,659.0,178.0,64.0,4078.0,12208.0,170.0,Autumn,2.57969358,61.0
loam,9.121,bi-weekly,26.1,61.9,52.71818181818182,51.127272727272725,22.945454545454545,6.769541457663638,91.17031661781816,coffee,29.32,Drip,15.26,144,2931.16,0.8,Urea,210.0,13543.0,,Crop Cover,659.0,178.0,64.0,4078.0,12208.0,170.0,Autumn,2.57969358,61.0
sandy,4.753,daily,18.7,47.4,19.4,64.4,20.4,5.5087952622000005,155.47563708,pigeonpeas,40.54,Manual,49.78,118,5598.46,0.5,13:32:26 NPK,212.0,1129.0,Sprinkler,Mulching,686.0,19.0,231.0,4595.0,14404.0,213.0,Summer,7.776816289,58.0
clay,7.318,weekly,22.3,68.5,61.395833333333336,51.4375,23.95833333333333,6.679863230104167,97.18272852541668,lentil,13.39,Drip,23.12,145,2437.08,0.55,MOP,210.0,13543.0,,Crop Cover,659.0,178.0,64.0,4078.0,12208.0,170.0,Autumn,2.57969358,61.0
loam,5.589,daily,31.9,52.3,23.185185185185187,35.24074074074074,27.314814814814813,6.034475647388889,89.3865376224074,mango,17.33,Sprinkler,25.8,134,4227.8,0.44,MOP,557.0,745.0,Sprinkler,Mulching,608.0,34.0,204.0,1508.0,12785.0,147.0,Autumn,5.718723473,58.0
loam,5.589,daily,31.9,52.3,23.185185185185187,35.24074074074074,27.314814814814813,6.034475647388889,89.3865376224074,mango,17.33,Sprinkler,25.8,134,4227.8,0.44,MOP,1009.0,5594.0,,Efficient Irrigation,627.0,104.0,81.0,3861.0,7022.0,252.0,Autumn,6.177365904,51.0
loam,5.589,daily,31.9,52.3,23.185185185185187,35.24074074074074,27.314814814814813,6.034475647388889,89.3865376224074,mango,17.33,Sprinkler,25.8,134,4227.8,0.44,MOP,874.0,17928.0,Flood,,254.0,157.0,240.0,3784.0,4850.0,119.0,Spring,9.238923654,86.0
sandy,8.556,bi-weekly,19.6,60.7,50.75609756097561,58.48780487804878,19.5609756097561,6.336448197560975,80.98980090682927,maize,42.43,,13.55,127,4942.95,0.65,Urea,1424.0,9449.0,Flood,,551.0,191.0,106.0,381.0,2005.0,201.0,Summer,5.656022891,61.0
sandy,8.556,bi-weekly,19.6,60.7,50.75609756097561,58.48780487804878,19.5609756097561,6.336448197560975,80.98980090682927,maize,42.43,,13.55,127,4942.95,0.65,Urea,1635.0,10758.0,Drip,,996.0,115.0,56.0,2363.0,2089.0,299.0,Spring,7.588012708,79.0
sandy,8.556,bi-weekly,19.6,60.7,50.75609756097561,58.48780487804878,19.5609756097561,6.336448197560975,80.98980090682927,maize,42.43,,13.55,127,4942.95,0.65,Urea,708.0,10417.0,Drip,,173.0,118.0,77.0,3230.0,3178.0,187.0,Winter,3.094949042,77.0
clay,6.127,daily,25.7,70.9,69.57731958762886,51.75257731958763,25.391752577319583,6.744818627092784,106.23761040340204,maize,18.52,Sprinkler,19.79,147,4383.93,0.38,MOP,1424.0,9449.0,Flood,,551.0,191.0,106.0,381.0,2005.0,201.0,Summer,5.656022891,61.0
clay,6.127,daily,25.7,70.9,69.57731958762886,51.75257731958763,25.391752577319583,6.744818627092784,106.23761040340204,maize,18.52,Sprinkler,19.79,147,4383.93,0.38,MOP,1635.0,10758.0,Drip,,996.0,115.0,56.0,2363.0,2089.0,299.0,Spring,7.588012708,79.0
clay,6.127,daily,25.7,70.9,69.57731958762886,51.75257731958763,25.391752577319583,6.744818627092784,106.23761040340204,maize,18.52,Sprinkler,19.79,147,4383.93,0.38,MOP,708.0,10417.0,Drip,,173.0,118.0,77.0,3230.0,3178.0,187.0,Winter,3.094949042,77.0
loam,4.372,weekly,27.2,55.2,58.78481012658228,37.18987341772152,26.56962025316456,6.707595892139243,109.95385352,coffee,12.8,Sprinkler,31.75,116,4629.49,0.42,DAP,210.0,13543.0,,Crop Cover,659.0,178.0,64.0,4078.0,12208.0,170.0,Autumn,2.57969358,61.0
sandy,7.245,daily,30.4,63.4,33.098591549295776,63.45070422535211,19.239436619718308,7.142057715830987,71.15663924450703,blackgram,15.52,Drip,41.77,96,5755.72,0.75,18:46:00 NPK,210.0,13543.0,,Crop Cover,659.0,178.0,64.0,4078.0,12208.0,170.0,Autumn,2.57969358,61.0
loam,5.477,daily,22.8,71.5,85.55357142857143,46.125,26.089285714285715,6.702372346446428,114.54892620946428,cotton,11.77,,20.93,107,3784.05,0.45,DAP,260.0,11583.0,Flood,Efficient Irrigation,249.0,51.0,206.0,3331.0,3120.0,186.0,Spring,4.394908346,71.0
loam,5.477,daily,22.8,71.5,85.55357142857143,46.125,26.089285714285715,6.702372346446428,114.54892620946428,cotton,11.77,,20.93,107,3784.05,0.45,DAP,324.0,9762.0,Drip,Mulching,811.0,61.0,243.0,3643.0,3728.0,231.0,Spring,4.788243042,57.0
loam,5.477,daily,22.8,71.5,85.55357142857143,46.125,26.089285714285715,6.702372346446428,114.54892620946428,cotton,11.77,,20.93,107,3784.05,0.45,DAP,464.0,17339.0,Sprinkler,Crop Cover,745.0,126.0,75.0,3938.0,8104.0,208.0,Winter,9.634635565,87.0
loam,5.477,daily,22.8,71.5,85.55357142857143,46.125,26.089285714285715,6.702372346446428,114.54892620946428,cotton,11.77,,20.93,107,3784.05,0.45,DAP,1881.0,1655.0,,Mulching,921.0,137.0,170.0,4606.0,5783.0,88.0,Winter,1.519218404,71.0
loam,5.477,daily,22.8,71.5,85.55357142857143,46.125,26.089285714285715,6.702372346446428,114.54892620946428,cotton,11.77,,20.93,107,3784.05,0.45,DAP,1318.0,3569.0,Flood,Efficient Irrigation,268.0,121.0,67.0,4826.0,3884.0,201.0,Spring,2.433324513,64.0
loam,5.477,daily,22.8,71.5,85.55357142857143,46.125,26.089285714285715,6.702372346446428,114.54892620946428,cotton,11.77,,20.93,107,3784.05,0.45,DAP,1257.0,2843.0,Drip,Efficient Irrigation,121.0,21.0,268.0,4971.0,11465.0,128.0,Summer,8.721590876,55.0
loam,5.477,daily,22.8,71.5,85.55357142857143,46.125,26.089285714285715,6.702372346446428,114.54892620946428,cotton,11.77,,20.93,107,3784.05,0.45,DAP,1241.0,4023.0,Drip,Mulching,789.0,198.0,276.0,321.0,5091.0,333.0,Summer,5.025729125,51.0
loam,5.477,daily,22.8,71.5,85.55357142857143,46.125,26.089285714285715,6.702372346446428,114.54892620946428,cotton,11.77,,20.93,107,3784.05,0.45,DAP,867.0,14246.0,Sprinkler,Crop Cover,607.0,28.0,193.0,4905.0,8523.0,212.0,Spring,1.998639001,91.0
loam,5.477,daily,22.8,71.5,85.55357142857143,46.125,26.089285714285715,6.702372346446428,114.54892620946428,cotton,11.77,,20.93,107,3784.05,0.45,DAP,1074.0,15119.0,Drip,,841.0,26.0,259.0,3152.0,8211.0,315.0,Autumn,2.840150087,64.0
loam,5.477,daily,22.8,71.5,85.55357142857143,46.125,26.089285714285715,6.702372346446428,114.54892620946428,cotton,11.77,,20.93,107,3784.05,0.45,DAP,494.0,1633.0,Sprinkler,Efficient Irrigation,950.0,117.0,245.0,1602.0,8671.0,177.0,Autumn,1.712774133,93.0
sandy,4.649,weekly,28.5,55.1,45.27272727272727,38.37878787878788,26.07575757575757,6.562601698136364,98.49858012696969,mango,12.8,Sprinkler,31.75,116,4629.49,0.42,MOP,557.0,745.0,Sprinkler,Mulching,608.0,34.0,204.0,1508.0,12785.0,147.0,Autumn,5.718723473,58.0
sandy,4.649,weekly,28.5,55.1,45.27272727272727,38.37878787878788,26.07575757575757,6.562601698136364,98.49858012696969,mango,12.8,Sprinkler,31.75,116,4629.49,0.42,MOP,1009.0,5594.0,,Efficient Irrigation,627.0,104.0,81.0,3861.0,7022.0,252.0,Autumn,6.177365904,51.0
sandy,4.649,weekly,28.5,55.1,45.27272727272727,38.37878787878788,26.07575757575757,6.562601698136364,98.49858012696969,mango,12.8,Sprinkler,31.75,116,4629.49,0.42,MOP,874.0,17928.0,Flood,,254.0,157.0,240.0,3784.0,4850.0,119.0,Spring,9.238923654,86.0
clay,8.512,bi-weekly,21.4,69.3,50.81818181818182,55.54545454545455,23.151515151515152,6.64457845130303,92.5418416809091,lentil,42.43,,13.55,127,4942.95,0.65,Urea,210.0,13543.0,,Crop Cover,659.0,178.0,64.0,4078.0,12208.0,170.0,Autumn,2.57969358,61.0
loam,6.832,daily,31.7,47.8,21.655172413793103,36.62068965517241,27.27586206896552,6.148565334103448,88.6725598825862,mango,33.01,,25.41,109,4886.38,0.83,MOP,557.0,745.0,Sprinkler,Mulching,608.0,34.0,204.0,1508.0,12785.0,147.0,Autumn,5.718723473,58.0
loam,6.832,daily,31.7,47.8,21.655172413793103,36.62068965517241,27.27586206896552,6.148565334103448,88.6725598825862,mango,33.01,,25.41,109,4886.38,0.83,MOP,1009.0,5594.0,,Efficient Irrigation,627.0,104.0,81.0,3861.0,7022.0,252.0,Autumn,6.177365904,51.0
loam,6.832,daily,31.7,47.8,21.655172413793103,36.62068965517241,27.27586206896552,6.148565334103448,88.6725598825862,mango,33.01,,25.41,109,4886.38,0.83,MOP,874.0,17928.0,Flood,,254.0,157.0,240.0,3784.0,4850.0,119.0,Spring,9.238923654,86.0
sandy,5.612,weekly,19.2,61.6,49.82051282051282,58.0,19.56410256410257,6.367802670974359,80.0501618105128,maize,39.76,,21.68,111,2050.61,0.88,Urea,1424.0,9449.0,Flood,,551.0,191.0,106.0,381.0,2005.0,201.0,Summer,5.656022891,61.0
sandy,5.612,weekly,19.2,61.6,49.82051282051282,58.0,19.56410256410257,6.367802670974359,80.0501618105128,maize,39.76,,21.68,111,2050.61,0.88,Urea,1635.0,10758.0,Drip,,996.0,115.0,56.0,2363.0,2089.0,299.0,Spring,7.588012708,79.0
sandy,5.612,weekly,19.2,61.6,49.82051282051282,58.0,19.56410256410257,6.367802670974359,80.0501618105128,maize,39.76,,21.68,111,2050.61,0.88,Urea,708.0,10417.0,Drip,,173.0,118.0,77.0,3230.0,3178.0,187.0,Winter,3.094949042,77.0
clay,7.428,daily,26.9,68.2,52.31313131313132,56.28282828282829,21.828282828282827,6.751624644030303,87.51953951323232,blackgram,29.32,Drip,15.26,144,2931.16,0.8,18:46:00 NPK,210.0,13543.0,,Crop Cover,659.0,178.0,64.0,4078.0,12208.0,170.0,Autumn,2.57969358,61.0
loam,4.918,bi-weekly,24.3,54.9,76.50877192982456,38.719298245614034,26.19298245614035,6.609252755964912,124.72458054649124,coffee,44.91,Sprinkler,24.0,114,4383.55,0.82,SSP,210.0,13543.0,,Crop Cover,659.0,178.0,64.0,4078.0,12208.0,170.0,Autumn,2.57969358,61.0
sandy,8.745,weekly,20.6,70.5,59.80952380952381,57.0,19.61904761904762,6.426758343047618,82.06854806095238,maize,42.43,,13.55,127,4942.95,0.65,Urea,1424.0,9449.0,Flood,,551.0,191.0,106.0,381.0,2005.0,201.0,Summer,5.656022891,61.0
sandy,8.745,weekly,20.6,70.5,59.80952380952381,57.0,19.61904761904762,6.426758343047618,82.06854806095238,maize,42.43,,13.55,127,4942.95,0.65,Urea,1635.0,10758.0,Drip,,996.0,115.0,56.0,2363.0,2089.0,299.0,Spring,7.588012708,79.0
sandy,8.745,weekly,20.6,70.5,59.80952380952381,57.0,19.61904761904762,6.426758343047618,82.06854806095238,maize,42.43,,13.55,127,4942.95,0.65,Urea,708.0,10417.0,Drip,,173.0,118.0,77.0,3230.0,3178.0,187.0,Winter,3.094949042,77.0
clay,6.217,daily,28.9,56.7,39.208333333333336,44.66666666666666,23.40277777777778,6.888606683083334,85.52538119166667,mothbeans,19.74,Sprinkler,9.6,112,5389.98,0.58,Urea,210.0,13543.0,,Crop Cover,659.0,178.0,64.0,4078.0,12208.0,170.0,Autumn,2.57969358,61.0
loam,7.134,bi-weekly,31.0,52.6,21.9,35.36,27.42,6.122024864760001,88.17538053300001,mango,40.61,Drip,46.69,116,3942.56,0.4,MOP,557.0,745.0,Sprinkler,Mulching,608.0,34.0,204.0,1508.0,12785.0,147.0,Autumn,5.718723473,58.0
loam,7.134,bi-weekly,31.0,52.6,21.9,35.36,27.42,6.122024864760001,88.17538053300001,mango,40.61,Drip,46.69,116,3942.56,0.4,MOP,1009.0,5594.0,,Efficient Irrigation,627.0,104.0,81.0,3861.0,7022.0,252.0,Autumn,6.177365904,51.0
loam,7.134,bi-weekly,31.0,52.6,21.9,35.36,27.42,6.122024864760001,88.17538053300001,mango,40.61,Drip,46.69,116,3942.56,0.4,MOP,874.0,17928.0,Flood,,254.0,157.0,240.0,3784.0,4850.0,119.0,Spring,9.238923654,86.0
sandy,5.489,daily,18.1,69.4,54.61904761904762,57.90476190476191,19.95238095238096,6.467717014142856,73.47392298,maize,39.76,,21.68,111,2050.61,0.88,Urea,1424.0,9449.0,Flood,,551.0,191.0,106.0,381.0,2005.0,201.0,Summer,5.656022891,61.0
sandy,5.489,daily,18.1,69.4,54.61904761904762,57.90476190476191,19.95238095238096,6.467717014142856,73.47392298,maize,39.76,,21.68,111,2050.61,0.88,Urea,1635.0,10758.0,Drip,,996.0,115.0,56.0,2363.0,2089.0,299.0,Spring,7.588012708,79.0
sandy,5.489,daily,18.1,69.4,54.61904761904762,57.90476190476191,19.95238095238096,6.467717014142856,73.47392298,maize,39.76,,21.68,111,2050.61,0.88,Urea,708.0,10417.0,Drip,,173.0,118.0,77.0,3230.0,3178.0,187.0,Winter,3.094949042,77.0
clay,8.317,weekly,27.5,60.3,49.91588785046729,51.63551401869159,22.72897196261682,6.9767836718691605,89.75001371411213,coffee,29.32,Drip,15.26,144,2931.16,0.8,Urea,210.0,13543.0,,Crop Cover,659.0,178.0,64.0,4078.0,12208.0,170.0,Autumn,2.57969358,61.0
loam,6.762,daily,22.9,46.5,51.66666666666666,51.16666666666666,24.0,6.546485819166668,146.36673358333334,pigeonpeas,33.39,Manual,17.58,146,3105.07,0.44,Hydrated Lime,210.0,13543.0,,Crop Cover,659.0,178.0,64.0,4078.0,12208.0,170.0,Autumn,2.57969358,61.0
sandy,4.813,bi-weekly,30.0,71.8,50.22222222222222,73.44444444444444,27.925925925925927,6.634225052296296,78.63064279555556,blackgram,19.74,Sprinkler,9.6,112,5389.98,0.58,18:46:00 NPK,210.0,13543.0,,Crop Cover,659.0,178.0,64.0,4078.0,12208.0,170.0,Autumn,2.57969358,61.0
clay,7.856,weekly,26.2,48.1,43.36363636363637,39.69090909090909,25.76363636363636,6.169112587072727,101.60379003545454,mothbeans,29.32,Drip,15.26,144,2931.16,0.8,Urea,210.0,13543.0,,Crop Cover,659.0,178.0,64.0,4078.0,12208.0,170.0,Autumn,2.57969358,61.0
loam,5.334,daily,17.6,57.7,47.6,55.6,20.266666666666666,5.922569204466668,89.36392561533333,maize,39.76,,21.68,111,2050.61,0.88,Urea,1424.0,9449.0,Flood,,551.0,191.0,106.0,381.0,2005.0,201.0,Summer,5.656022891,61.0
loam,5.334,daily,17.6,57.7,47.6,55.6,20.266666666666666,5.922569204466668,89.36392561533333,maize,39.76,,21.68,111,2050.61,0.88,Urea,1635.0,10758.0,Drip,,996.0,115.0,56.0,2363.0,2089.0,299.0,Spring,7.588012708,79.0
loam,5.334,daily,17.6,57.7,47.6,55.6,20.266666666666666,5.922569204466668,89.36392561533333,maize,39.76,,21.68,111,2050.61,0.88,Urea,708.0,10417.0,Drip,,173.0,118.0,77.0,3230.0,3178.0,187.0,Winter,3.094949042,77.0
sandy,9.104,bi-weekly,28.2,62.1,42.40196078431372,56.35294117647059,21.59803921568628,6.965306278617649,82.02250185421569,blackgram,29.32,Drip,15.26,144,2931.16,0.8,18:46:00 NPK,210.0,13543.0,,Crop Cover,659.0,178.0,64.0,4078.0,12208.0,170.0,Autumn,2.57969358,61.0
clay,6.698,daily,21.5,69.6,53.87096774193548,54.70967741935484,23.32258064516129,6.619723206645163,95.28448303967744,lentil,26.4,Drip,38.05,91,2365.31,0.87,50:26:26 NPK,210.0,13543.0,,Crop Cover,659.0,178.0,64.0,4078.0,12208.0,170.0,Autumn,2.57969358,61.0
loam,8.019,weekly,27.3,55.3,56.5,38.1375,26.525,6.682386402474999,108.240183794375,coffee,29.32,Drip,15.26,144,2931.16,0.8,DAP,210.0,13543.0,,Crop Cover,659.0,178.0,64.0,4078.0,12208.0,170.0,Autumn,2.57969358,61.0
sandy,5.163,daily,31.5,50.8,21.24561403508772,33.94736842105263,27.912280701754387,5.957485478789474,86.73465717929825,mango,20.08,Sprinkler,10.16,99,5633.65,0.48,MOP,557.0,745.0,Sprinkler,Mulching,608.0,34.0,204.0,1508.0,12785.0,147.0,Autumn,5.718723473,58.0
sandy,5.163,daily,31.5,50.8,21.24561403508772,33.94736842105263,27.912280701754387,5.957485478789474,86.73465717929825,mango,20.08,Sprinkler,10.16,99,5633.65,0.48,MOP,1009.0,5594.0,,Efficient Irrigation,627.0,104.0,81.0,3861.0,7022.0,252.0,Autumn,6.177365904,51.0
sandy,5.163,daily,31.5,50.8,21.24561403508772,33.94736842105263,27.912280701754387,5.957485478789474,86.73465717929825,mango,20.08,Sprinkler,10.16,99,5633.65,0.48,MOP,874.0,17928.0,Flood,,254.0,157.0,240.0,3784.0,4850.0,119.0,Spring,9.238923654,86.0
clay,7.512,bi-weekly,19.0,61.2,51.76315789473684,57.10526315789474,19.63157894736842,6.382023540394737,79.45135286236841,maize,31.17,Drip,33.54,90,3334.23,0.74,Urea,1424.0,9449.0,Flood,,551.0,191.0,106.0,381.0,2005.0,201.0,Summer,5.656022891,61.0
clay,7.512,bi-weekly,19.0,61.2,51.76315789473684,57.10526315789474,19.63157894736842,6.382023540394737,79.45135286236841,maize,31.17,Drip,33.54,90,3334.23,0.74,Urea,1635.0,10758.0,Drip,,996.0,115.0,56.0,2363.0,2089.0,299.0,Spring,7.588012708,79.0
clay,7.512,bi-weekly,19.0,61.2,51.76315789473684,57.10526315789474,19.63157894736842,6.382023540394737,79.45135286236841,maize,31.17,Drip,33.54,90,3334.23,0.74,Urea,708.0,10417.0,Drip,,173.0,118.0,77.0,3230.0,3178.0,187.0,Winter,3.094949042,77.0
loam,4.776,weekly,24.8,70.7,72.73584905660377,49.15094339622642,26.5188679245283,6.719586623896227,112.11838781490567,maize,18.52,Sprinkler,19.79,147,4383.93,0.38,Urea,1424.0,9449.0,Flood,,551.0,191.0,106.0,381.0,2005.0,201.0,Summer,5.656022891,61.0
loam,4.776,weekly,24.8,70.7,72.73584905660377,49.15094339622642,26.5188679245283,6.719586623896227,112.11838781490567,maize,18.52,Sprinkler,19.79,147,4383.93,0.38,Urea,1635.0,10758.0,Drip,,996.0,115.0,56.0,2363.0,2089.0,299.0,Spring,7.588012708,79.0
loam,4.776,weekly,24.8,70.7,72.73584905660377,49.15094339622642,26.5188679245283,6.719586623896227,112.11838781490567,maize,18.52,Sprinkler,19.79,147,4383.93,0.38,Urea,708.0,10417.0,Drip,,173.0,118.0,77.0,3230.0,3178.0,187.0,Winter,3.094949042,77.0
sandy,8.239,daily,30.7,68.3,32.93023255813954,66.62790697674419,18.6046511627907,7.049209508581395,74.28096357023256,blackgram,15.52,Drip,41.77,96,5755.72,0.75,18:46:00 NPK,210.0,13543.0,,Crop Cover,659.0,178.0,64.0,4078.0,12208.0,170.0,Autumn,2.57969358,61.0
clay,6.658,bi-weekly,27.8,54.6,55.29166666666666,38.208333333333336,26.63888888888889,6.636578685763889,110.03336491986111,coffee,13.92,Sprinkler,10.74,147,5732.35,0.45,MOP,210.0,13543.0,,Crop Cover,659.0,178.0,64.0,4078.0,12208.0,170.0,Autumn,2.57969358,61.0
loam,7.093,weekly,20.4,70.0,52.80769230769231,57.69230769230769,19.23076923076923,6.451532261115385,77.67462766576922,maize,31.17,Drip,33.54,90,3334.23,0.74,Urea,1424.0,9449.0,Flood,,551.0,191.0,106.0,381.0,2005.0,201.0,Summer,5.656022891,61.0
loam,7.093,weekly,20.4,70.0,52.80769230769231,57.69230769230769,19.23076923076923,6.451532261115385,77.67462766576922,maize,31.17,Drip,33.54,90,3334.23,0.74,Urea,1635.0,10758.0,Drip,,996.0,115.0,56.0,2363.0,2089.0,299.0,Spring,7.588012708,79.0
loam,7.093,weekly,20.4,70.0,52.80769230769231,57.69230769230769,19.23076923076923,6.451532261115385,77.67462766576922,maize,31.17,Drip,33.54,90,3334.23,0.74,Urea,708.0,10417.0,Drip,,173.0,118.0,77.0,3230.0,3178.0,187.0,Winter,3.094949042,77.0
sandy,5.451,daily,31.3,46.1,20.725490196078432,39.52941176470589,26.90196078431373,6.13311455372549,90.34370255411768,mango,20.08,Sprinkler,10.16,99,5633.65,0.48,MOP,557.0,745.0,Sprinkler,Mulching,608.0,34.0,204.0,1508.0,12785.0,147.0,Autumn,5.718723473,58.0
sandy,5.451,daily,31.3,46.1,20.725490196078432,39.52941176470589,26.90196078431373,6.13311455372549,90.34370255411768,mango,20.08,Sprinkler,10.16,99,5633.65,0.48,MOP,1009.0,5594.0,,Efficient Irrigation,627.0,104.0,81.0,3861.0,7022.0,252.0,Autumn,6.177365904,51.0
sandy,5.451,daily,31.3,46.1,20.725490196078432,39.52941176470589,26.90196078431373,6.13311455372549,90.34370255411768,mango,20.08,Sprinkler,10.16,99,5633.65,0.48,MOP,874.0,17928.0,Flood,,254.0,157.0,240.0,3784.0,4850.0,119.0,Spring,9.238923654,86.0
clay,8.991,bi-weekly,27.9,57.2,52.024096385542165,42.97590361445784,24.89156626506024,6.973173247891565,98.1288573485542,coffee,29.32,Drip,15.26,144,2931.16,0.8,MOP,210.0,13543.0,,Crop Cover,659.0,178.0,64.0,4078.0,12208.0,170.0,Autumn,2.57969358,61.0
loam,6.348,weekly,22.6,63.1,55.08219178082192,51.2054794520548,22.12328767123288,6.646647234534247,85.46844577616439,lentil,27.1,Sprinkler,47.61,121,5264.09,0.7,Urea,210.0,13543.0,,Crop Cover,659.0,178.0,64.0,4078.0,12208.0,170.0,Autumn,2.57969358,61.0
sandy,4.917,daily,28.7,54.5,42.25757575757576,37.96969696969697,25.59090909090909,6.473352676545455,94.87122275378788,mothbeans,19.74,Sprinkler,9.6,112,5389.98,0.58,Urea,210.0,13543.0,,Crop Cover,659.0,178.0,64.0,4078.0,12208.0,170.0,Autumn,2.57969358,61.0
clay,7.392,bi-weekly,31.1,68.6,34.15,67.125,18.85,7.108367960225,73.900122858,blackgram,30.84,,38.46,106,5007.11,0.59,18:46:00 NPK,210.0,13543.0,,Crop Cover,659.0,178.0,64.0,4078.0,12208.0,170.0,Autumn,2.57969358,61.0
loam,9.043,weekly,26.4,70.1,61.662921348314605,53.61797752808989,24.39325842696629,6.729920708685394,101.4737779747191,maize,36.84,Manual,31.04,133,5632.1,0.35,MOP,1424.0,9449.0,Flood,,551.0,191.0,106.0,381.0,2005.0,201.0,Summer,5.656022891,61.0
loam,9.043,weekly,26.4,70.1,61.662921348314605,53.61797752808989,24.39325842696629,6.729920708685394,101.4737779747191,maize,36.84,Manual,31.04,133,5632.1,0.35,MOP,1635.0,10758.0,Drip,,996.0,115.0,56.0,2363.0,2089.0,299.0,Spring,7.588012708,79.0
loam,9.043,weekly,26.4,70.1,61.662921348314605,53.61797752808989,24.39325842696629,6.729920708685394,101.4737779747191,maize,36.84,Manual,31.04,133,5632.1,0.35,MOP,708.0,10417.0,Drip,,173.0,118.0,77.0,3230.0,3178.0,187.0,Winter,3.094949042,77.0
sandy,5.789,daily,20.2,55.0,53.5,57.125,20.125,6.087898397499999,119.899573788125,maize,13.73,Sprinkler,25.2,116,2413.17,0.66,Urea,1424.0,9449.0,Flood,,551.0,191.0,106.0,381.0,2005.0,201.0,Summer,5.656022891,61.0
sandy,5.789,daily,20.2,55.0,53.5,57.125,20.125,6.087898397499999,119.899573788125,maize,13.73,Sprinkler,25.2,116,2413.17,0.66,Urea,1635.0,10758.0,Drip,,996.0,115.0,56.0,2363.0,2089.0,299.0,Spring,7.588012708,79.0
sandy,5.789,daily,20.2,55.0,53.5,57.125,20.125,6.087898397499999,119.899573788125,maize,13.73,Sprinkler,25.2,116,2413.17,0.66,Urea,708.0,10417.0,Drip,,173.0,118.0,77.0,3230.0,3178.0,187.0,Winter,3.094949042,77.0
clay,6.917,weekly,18.6,61.4,51.54545454545455,56.27272727272727,19.90909090909091,6.26779926930303,84.30058641424242,maize,31.17,Drip,33.54,90,3334.23,0.74,Urea,1424.0,9449.0,Flood,,551.0,191.0,106.0,381.0,2005.0,201.0,Summer,5.656022891,61.0
clay,6.917,weekly,18.6,61.4,51.54545454545455,56.27272727272727,19.90909090909091,6.26779926930303,84.30058641424242,maize,31.17,Drip,33.54,90,3334.23,0.74,Urea,1635.0,10758.0,Drip,,996.0,115.0,56.0,2363.0,2089.0,299.0,Spring,7.588012708,79.0
clay,6.917,weekly,18.6,61.4,51.54545454545455,56.27272727272727,19.90909090909091,6.26779926930303,84.30058641424242,maize,31.17,Drip,33.54,90,3334.23,0.74,Urea,708.0,10417.0,Drip,,173.0,118.0,77.0,3230.0,3178.0,187.0,Winter,3.094949042,77.0
loam,8.263,bi-weekly,30.6,47.5,20.890625,37.421875,26.65625,6.102033632296875,89.803337268125,mango,40.61,Drip,46.69,116,3942.56,0.4,MOP,557.0,745.0,Sprinkler,Mulching,608.0,34.0,204.0,1508.0,12785.0,147.0,Autumn,5.718723473,58.0
loam,8.263,bi-weekly,30.6,47.5,20.890625,37.421875,26.65625,6.102033632296875,89.803337268125,mango,40.61,Drip,46.69,116,3942.56,0.4,MOP,1009.0,5594.0,,Efficient Irrigation,627.0,104.0,81.0,3861.0,7022.0,252.0,Autumn,6.177365904,51.0
loam,8.263,bi-weekly,30.6,47.5,20.890625,37.421875,26.65625,6.102033632296875,89.803337268125,mango,40.61,Drip,46.69,116,3942.56,0.4,MOP,874.0,17928.0,Flood,,254.0,157.0,240.0,3784.0,4850.0,119.0,Spring,9.238923654,86.0
sandy,5.124,daily,27.1,62.3,48.241379310344826,54.189655172413794,22.16379310344828,6.878189559568966,84.88513772215518,blackgram,36.54,Sprinkler,36.13,127,3476.08,0.5,18:46:00 NPK,210.0,13543.0,,Crop Cover,659.0,178.0,64.0,4078.0,12208.0,170.0,Autumn,2.57969358,61.0
clay,7.528,weekly,22.0,70.4,63.0,50.46511627906977,26.41860465116279,6.680474101418604,109.04270150302328,lentil,13.39,Drip,23.12,145,2437.08,0.55,19:19:19 NPK,210.0,13543.0,,Crop Cover,659.0,178.0,64.0,4078.0,12208.0,170.0,Autumn,2.57969358,61.0
loam,4.932,bi-weekly,31.4,54.0,23.58139534883721,36.11627906976744,26.69767441860465,6.061965505093023,87.60367184674419,mango,20.08,Sprinkler,10.16,99,5633.65,0.48,MOP,557.0,745.0,Sprinkler,Mulching,608.0,34.0,204.0,1508.0,12785.0,147.0,Autumn,5.718723473,58.0
loam,4.932,bi-weekly,31.4,54.0,23.58139534883721,36.11627906976744,26.69767441860465,6.061965505093023,87.60367184674419,mango,20.08,Sprinkler,10.16,99,5633.65,0.48,MOP,1009.0,5594.0,,Efficient Irrigation,627.0,104.0,81.0,3861.0,7022.0,252.0,Autumn,6.177365904,51.0
loam,4.932,bi-weekly,31.4,54.0,23.58139534883721,36.11627906976744,26.69767441860465,6.061965505093023,87.60367184674419,mango,20.08,Sprinkler,10.16,99,5633.65,0.48,MOP,874.0,17928.0,Flood,,254.0,157.0,240.0,3784.0,4850.0,119.0,Spring,9.238923654,86.0
sandy,8.721,daily,24.1,55.6,70.078125,42.21875,24.875,6.553922417015626,113.32858750953125,coffee,13.39,Drip,23.12,145,2437.08,0.55,DAP,210.0,13543.0,,Crop Cover,659.0,178.0,64.0,4078.0,12208.0,170.0,Autumn,2.57969358,61.0
clay,6.341,weekly,30.9,69.1,33.875,66.925,18.875,7.127999750224999,73.71603771699999,blackgram,19.74,Sprinkler,9.6,112,5389.98,0.58,18:46:00 NPK,210.0,13543.0,,Crop Cover,659.0,178.0,64.0,4078.0,12208.0,170.0,Autumn,2.57969358,61.0
loam,5.813,bi-weekly,26.0,60.2,57.31132075471698,47.34905660377358,23.933962264150946,6.86475664073585,95.82012427537737,coffee,33.39,Manual,17.58,146,3105.07,0.44,19:19:19 NPK,210.0,13543.0,,Crop Cover,659.0,178.0,64.0,4078.0,12208.0,170.0,Autumn,2.57969358,61.0
sandy,7.491,daily,28.4,54.3,44.638888888888886,37.80555555555556,26.05555555555556,6.431975670583333,101.67540721652776,mango,29.32,Drip,15.26,144,2931.16,0.8,MOP,557.0,745.0,Sprinkler,Mulching,608.0,34.0,204.0,1508.0,12785.0,147.0,Autumn,5.718723473,58.0
sandy,7.491,daily,28.4,54.3,44.638888888888886,37.80555555555556,26.05555555555556,6.431975670583333,101.67540721652776,mango,29.32,Drip,15.26,144,2931.16,0.8,MOP,1009.0,5594.0,,Efficient Irrigation,627.0,104.0,81.0,3861.0,7022.0,252.0,Autumn,6.177365904,51.0
sandy,7.491,daily,28.4,54.3,44.638888888888886,37.80555555555556,26.05555555555556,6.431975670583333,101.67540721652776,mango,29.32,Drip,15.26,144,2931.16,0.8,MOP,874.0,17928.0,Flood,,254.0,157.0,240.0,3784.0,4850.0,119.0,Spring,9.238923654,86.0
clay,9.263,weekly,22.4,69.2,66.44186046511628,49.16279069767442,25.58139534883721,6.685372202441862,106.4949709127907,maize,42.43,,13.55,127,4942.95,0.65,Urea,1424.0,9449.0,Flood,,551.0,191.0,106.0,381.0,2005.0,201.0,Summer,5.656022891,61.0
clay,9.263,weekly,22.4,69.2,66.44186046511628,49.16279069767442,25.58139534883721,6.685372202441862,106.4949709127907,maize,42.43,,13.55,127,4942.95,0.65,Urea,1635.0,10758.0,Drip,,996.0,115.0,56.0,2363.0,2089.0,299.0,Spring,7.588012708,79.0
clay,9.263,weekly,22.4,69.2,66.44186046511628,49.16279069767442,25.58139534883721,6.685372202441862,106.4949709127907,maize,42.43,,13.55,127,4942.95,0.65,Urea,708.0,10417.0,Drip,,173.0,118.0,77.0,3230.0,3178.0,187.0,Winter,3.094949042,77.0
loam,4.568,bi-weekly,30.1,48.0,20.642857142857142,39.2,26.142857142857142,6.093042076414285,89.72549799542858,mango,31.61,Drip,36.68,100,4776.0,0.48,MOP,557.0,745.0,Sprinkler,Mulching,608.0,34.0,204.0,1508.0,12785.0,147.0,Autumn,5.718723473,58.0
loam,4.568,bi-weekly,30.1,48.0,20.642857142857142,39.2,26.142857142857142,6.093042076414285,89.72549799542858,mango,31.61,Drip,36.68,100,4776.0,0.48,MOP,1009.0,5594.0,,Efficient Irrigation,627.0,104.0,81.0,3861.0,7022.0,252.0,Autumn,6.177365904,51.0
loam,4.568,bi-weekly,30.1,48.0,20.642857142857142,39.2,26.142857142857142,6.093042076414285,89.72549799542858,mango,31.61,Drip,36.68,100,4776.0,0.48,MOP,874.0,17928.0,Flood,,254.0,157.0,240.0,3784.0,4850.0,119.0,Spring,9.238923654,86.0
sandy,6.817,daily,26.3,61.1,55.63106796116505,49.36893203883495,23.21359223300971,6.775638644834953,93.09513444941746,coffee,33.39,Manual,17.58,146,3105.07,0.44,Urea,210.0,13543.0,,Crop Cover,659.0,178.0,64.0,4078.0,12208.0,170.0,Autumn,2.57969358,61.0
clay,7.945,weekly,27.0,57.6,53.20618556701031,45.329896907216494,24.649484536082475,6.953787654360824,98.63316042,coffee,29.32,Drip,15.26,144,2931.16,0.8,SSP,210.0,13543.0,,Crop Cover,659.0,178.0,64.0,4078.0,12208.0,170.0,Autumn,2.57969358,61.0
loam,8.012,bi-weekly,20.9,55.8,53.47368421052632,57.1578947368421,19.73684210526316,6.235591410894736,112.95004082947368,maize,42.43,,13.55,127,4942.95,0.65,Urea,1424.0,9449.0,Flood,,551.0,191.0,106.0,381.0,2005.0,201.0,Summer,5.656022891,61.0
loam,8.012,bi-weekly,20.9,55.8,53.47368421052632,57.1578947368421,19.73684210526316,6.235591410894736,112.95004082947368,maize,42.43,,13.55,127,4942.95,0.65,Urea,1635.0,10758.0,Drip,,996.0,115.0,56.0,2363.0,2089.0,299.0,Spring,7.588012708,79.0
loam,8.012,bi-weekly,20.9,55.8,53.47368421052632,57.1578947368421,19.73684210526316,6.235591410894736,112.95004082947368,maize,42.43,,13.55,127,4942.95,0.65,Urea,708.0,10417.0,Drip,,173.0,118.0,77.0,3230.0,3178.0,187.0,Winter,3.094949042,77.0
sandy,5.233,daily,31.8,47.9,22.526315789473685,36.1578947368421,27.19298245614035,6.183476041701755,88.6626493631579,mango,17.33,Sprinkler,25.8,134,4227.8,0.44,MOP,557.0,745.0,Sprinkler,Mulching,608.0,34.0,204.0,1508.0,12785.0,147.0,Autumn,5.718723473,58.0
sandy,5.233,daily,31.8,47.9,22.526315789473685,36.1578947368421,27.19298245614035,6.183476041701755,88.6626493631579,mango,17.33,Sprinkler,25.8,134,4227.8,0.44,MOP,1009.0,5594.0,,Efficient Irrigation,627.0,104.0,81.0,3861.0,7022.0,252.0,Autumn,6.177365904,51.0
sandy,5.233,daily,31.8,47.9,22.526315789473685,36.1578947368421,27.19298245614035,6.183476041701755,88.6626493631579,mango,17.33,Sprinkler,25.8,134,4227.8,0.44,MOP,874.0,17928.0,Flood,,254.0,157.0,240.0,3784.0,4850.0,119.0,Spring,9.238923654,86.0
clay,6.456,weekly,24.9,70.8,72.77142857142857,49.31428571428572,26.55238095238096,6.740618805085714,112.5489078350476,jute,33.39,Manual,17.58,146,3105.07,0.44,MOP,210.0,13543.0,,Crop Cover,659.0,178.0,64.0,4078.0,12208.0,170.0,Autumn,2.57969358,61.0
loam,7.289,bi-weekly,28.6,60.9,39.26966292134831,57.348314606741575,21.08988764044944,6.9795852677303385,75.55788291303371,blackgram,29.32,Drip,15.26,144,2931.16,0.8,18:46:00 NPK,210.0,13543.0,,Crop Cover,659.0,178.0,64.0,4078.0,12208.0,170.0,Autumn,2.57969358,61.0
sandy,4.671,daily,18.4,61.5,49.41379310344828,57.3448275862069,20.20689655172414,6.279083408931035,82.05502324551723,maize,17.86,Drip,46.28,143,2555.17,0.35,Urea,1424.0,9449.0,Flood,,551.0,191.0,106.0,381.0,2005.0,201.0,Summer,5.656022891,61.0
sandy,4.671,daily,18.4,61.5,49.41379310344828,57.3448275862069,20.20689655172414,6.279083408931035,82.05502324551723,maize,17.86,Drip,46.28,143,2555.17,0.35,Urea,1635.0,10758.0,Drip,,996.0,115.0,56.0,2363.0,2089.0,299.0,Spring,7.588012708,79.0
sandy,4.671,daily,18.4,61.5,49.41379310344828,57.3448275862069,20.20689655172414,6.279083408931035,82.05502324551723,maize,17.86,Drip,46.28,143,2555.17,0.35,Urea,708.0,10417.0,Drip,,173.0,118.0,77.0,3230.0,3178.0,187.0,Winter,3.094949042,77.0
clay,8.846,weekly,27.7,56.8,52.160493827160494,42.91358024691358,24.88888888888889,6.952573822320987,99.9594415839506,coffee,29.32,Drip,15.26,144,2931.16,0.8,Urea,210.0,13543.0,,Crop Cover,659.0,178.0,64.0,4078.0,12208.0,170.0,Autumn,2.57969358,61.0
loam,5.922,bi-weekly,26.8,70.6,60.45454545454545,55.26136363636363,24.988636363636363,6.752862311625,99.95237954295456,lentil,33.39,Manual,17.58,146,3105.07,0.44,12:32:16 NPK,210.0,13543.0,,Crop Cover,659.0,178.0,64.0,4078.0,12208.0,170.0,Autumn,2.57969358,61.0
sandy,7.321,daily,20.3,47.3,21.5,65.33333333333333,20.33333333333333,5.625469921,162.15799548333334,pigeonpeas,15.53,Manual,43.04,144,3932.83,0.48,20:20:20 NPK,212.0,1129.0,Sprinkler,Mulching,686.0,19.0,231.0,4595.0,14404.0,213.0,Summer,7.776816289,58.0
clay,9.034,weekly,31.7,61.0,32.861111111111114,63.388888888888886,19.30555555555556,6.949855517694445,67.5754158013889,blackgram,35.35,Drip,33.92,119,2726.92,0.5,18:46:00 NPK,210.0,13543.0,,Crop Cover,659.0,178.0,64.0,4078.0,12208.0,170.0,Autumn,2.57969358,61.0
loam,6.127,bi-weekly,22.1,55.7,70.28125,45.21875,23.125,6.379554603125,120.89262456218748,maize,27.1,Sprinkler,47.61,121,5264.09,0.7,Urea,1424.0,9449.0,Flood,,551.0,191.0,106.0,381.0,2005.0,201.0,Summer,5.656022891,61.0
loam,6.127,bi-weekly,22.1,55.7,70.28125,45.21875,23.125,6.379554603125,120.89262456218748,maize,27.1,Sprinkler,47.61,121,5264.09,0.7,Urea,1635.0,10758.0,Drip,,996.0,115.0,56.0,2363.0,2089.0,299.0,Spring,7.588012708,79.0
loam,6.127,bi-weekly,22.1,55.7,70.28125,45.21875,23.125,6.379554603125,120.89262456218748,maize,27.1,Sprinkler,47.61,121,5264.09,0.7,Urea,708.0,10417.0,Drip,,173.0,118.0,77.0,3230.0,3178.0,187.0,Winter,3.094949042,77.0
sandy,5.652,daily,28.0,70.2,47.29508196721312,58.47540983606557,23.442622950819672,6.906405444836065,94.08731269508196,blackgram,13.92,Sprinkler,10.74,147,5732.35,0.45,18:46:00 NPK,210.0,13543.0,,Crop Cover,659.0,178.0,64.0,4078.0,12208.0,170.0,Autumn,2.57969358,61.0
clay,7.528,weekly,30.5,60.1,31.103448275862068,60.37931034482759,19.344827586206897,7.086048334551725,69.70771930775862,blackgram,15.52,Drip,41.77,96,5755.72,0.75,DAP,210.0,13543.0,,Crop Cover,659.0,178.0,64.0,4078.0,12208.0,170.0,Autumn,2.57969358,61.0
loam,4.934,bi-weekly,24.5,61.7,60.343434343434346,48.39393939393939,22.83838383838384,6.7409681994040405,94.92236167777776,coffee,44.91,Sprinkler,24.0,114,4383.55,0.82,19:19:19 NPK,210.0,13543.0,,Crop Cover,659.0,178.0,64.0,4078.0,12208.0,170.0,Autumn,2.57969358,61.0
sandy,8.273,daily,27.9,69.5,47.39705882352941,58.294117647058826,22.676470588235293,6.821300495117647,91.31592174808824,blackgram,29.32,Drip,15.26,144,2931.16,0.8,18:46:00 NPK,210.0,13543.0,,Crop Cover,659.0,178.0,64.0,4078.0,12208.0,170.0,Autumn,2.57969358,61.0
clay,6.732,weekly,21.7,56.9,72.08571428571429,47.54285714285714,22.77142857142857,6.337557521342856,116.58946883285716,maize,23.93,,10.3,118,2858.28,0.59,Urea,1424.0,9449.0,Flood,,551.0,191.0,106.0,381.0,2005.0,201.0,Summer,5.656022891,61.0
clay,6.732,weekly,21.7,56.9,72.08571428571429,47.54285714285714,22.77142857142857,6.337557521342856,116.58946883285716,maize,23.93,,10.3,118,2858.28,0.59,Urea,1635.0,10758.0,Drip,,996.0,115.0,56.0,2363.0,2089.0,299.0,Spring,7.588012708,79.0
clay,6.732,weekly,21.7,56.9,72.08571428571429,47.54285714285714,22.77142857142857,6.337557521342856,116.58946883285716,maize,23.93,,10.3,118,2858.28,0.59,Urea,708.0,10417.0,Drip,,173.0,118.0,77.0,3230.0,3178.0,187.0,Winter,3.094949042,77.0
